nombre,apellidos,correo electrónico,contraseña temporal,carrera,ciclo
Lucía,Quispe Mamani,12501516@sima.com,lucía123,Ingeniería Civil,1
Kevin,Castillo Huamán,66751498@sima.com,kevin123,Ingeniería de Minas,4
María,Quispe Mamani,18017497@sima.com,maría123,Ingeniería Empresarial,3
Jorge,Mendoza López,50040761@sima.com,jorge123,Ingeniería Civil,8
Fernando,Cruz Fernández,19053287@sima.com,fernando123,Ciencias de la Comunicación,4
Kevin,Torres Díaz,28133724@sima.com,kevin123,Tecnología Médica - Terapia Física y Rehabilitación,10
Ana,Ramos Medina,21512289@sima.com,ana123,Enfermería,6
Valeria,Mendoza López,24372916@sima.com,valeria123,Arquitectura,3
Ricardo,Flores Rojas,97146071@sima.com,ricardo123,Farmacia y Bioquímica,7
Elena,Paredes Silva,70495404@sima.com,elena123,Arquitectura,1
María,Castillo Huamán,92086821@sima.com,maría123,Ingeniería Eléctrica,4
Carlos,Quispe Mamani,17585153@sima.com,carlos123,Ingeniería Eléctrica,2
Jorge,Castillo Huamán,35517261@sima.com,jorge123,Tecnología Médica - Terapia Física y Rehabilitación,8
Kevin,Flores Rojas,59804889@sima.com,kevin123,Tecnología Médica - Laboratorio Clínico y Anatomía Patológica,5
Valeria,Paredes Silva,99360521@sima.com,valeria123,Ingeniería Ambiental,9
Ana,Castillo Huamán,53043475@sima.com,ana123,Arquitectura,2
Carlos,Vargas Soto,70589696@sima.com,carlos123,Ingeniería de Sistemas e Informática,5
Daniela,Torres Díaz,58201499@sima.com,daniela123,Ingeniería Mecatrónica,5
Jorge,Torres Díaz,82961032@sima.com,jorge123,Odontología,9
María,Mendoza López,61831501@sima.com,maría123,Ingeniería de Minas,2
Alonso,Castillo Huamán,35698544@sima.com,alonso123,Ingeniería Eléctrica,9
Lucía,Quispe Mamani,41626241@sima.com,lucía123,Ingeniería Civil,2
Diego,Cruz Fernández,61583909@sima.com,diego123,Ingeniería Civil,10
Lucía,Torres Díaz,59215319@sima.com,lucía123,Ingeniería de Minas,1
Sofía,Mendoza López,52148508@sima.com,sofía123,Ingeniería Empresarial,4
María,Torres Díaz,89473022@sima.com,maría123,Medicina Humana,10
Elena,Vargas Soto,96458077@sima.com,elena123,Ingeniería de Sistemas e Informática,9
Andrea,Paredes Silva,87560116@sima.com,andrea123,Tecnología Médica - Laboratorio Clínico y Anatomía Patológica,2
María,Torres Díaz,97195798@sima.com,maría123,Tecnología Médica - Terapia Física y Rehabilitación,2
Carlos,Ramos Medina,68483537@sima.com,carlos123,Ingeniería de Sistemas e Informática,4
Valeria,Castillo Huamán,23299788@sima.com,valeria123,Ingeniería Mecatrónica,8
Daniela,Quispe Mamani,49481494@sima.com,daniela123,Tecnología Médica - Laboratorio Clínico y Anatomía Patológica,8
Kevin,Vargas Soto,41434385@sima.com,kevin123,Ingeniería Eléctrica,2
José,Mendoza López,42703854@sima.com,josé123,Tecnología Médica - Laboratorio Clínico y Anatomía Patológica,2
José,Cruz Fernández,62013693@sima.com,josé123,Ingeniería de Sistemas e Informática,7
Daniela,Flores Rojas,91669200@sima.com,daniela123,Ciencias de la Comunicación,5
Camila,Vargas Soto,79889630@sima.com,camila123,Farmacia y Bioquímica,10
Daniela,Paredes Silva,49985995@sima.com,daniela123,Medicina Humana,9
Daniela,Flores Rojas,12963152@sima.com,daniela123,Ingeniería Mecatrónica,1
Fernando,Flores Rojas,66838477@sima.com,fernando123,Nutrición y Dietética,6
Carlos,Torres Díaz,37225968@sima.com,carlos123,Enfermería,8
Andrea,Mendoza López,47691529@sima.com,andrea123,Ingeniería de Sistemas e Informática,6
Carlos,Castillo Huamán,94574812@sima.com,carlos123,Ingeniería Mecánica,10
Jorge,Flores Rojas,89190025@sima.com,jorge123,Ingeniería de Sistemas e Informática,6
Luis,Flores Rojas,87577675@sima.com,luis123,Ingeniería Mecánica,3
Sofía,Quispe Mamani,53793832@sima.com,sofía123,Ingeniería Civil,1
Ana,Mendoza López,72687652@sima.com,ana123,Ingeniería Ambiental,2
Andrea,Paredes Silva,90134569@sima.com,andrea123,Ingeniería Empresarial,5
Daniela,Castillo Huamán,25554512@sima.com,daniela123,Ingeniería Industrial,3
Alonso,García Pérez,80650286@sima.com,alonso123,Ingeniería Mecánica,3
Daniela,Cruz Fernández,34852367@sima.com,daniela123,Ingeniería de Minas,7
Andrea,Paredes Silva,54857183@sima.com,andrea123,Tecnología Médica - Radiología,5
Valeria,Paredes Silva,12261055@sima.com,valeria123,Odontología,8
Valeria,Flores Rojas,61860283@sima.com,valeria123,Ingeniería Ambiental,2
Carlos,Cruz Fernández,83147630@sima.com,carlos123,Ingeniería Empresarial,6
Alonso,Flores Rojas,63524145@sima.com,alonso123,Ingeniería Mecatrónica,6
José,Flores Rojas,62106993@sima.com,josé123,Nutrición y Dietética,5
Ricardo,Castillo Huamán,36210587@sima.com,ricardo123,Farmacia y Bioquímica,3
Miguel,Paredes Silva,52280828@sima.com,miguel123,Ingeniería Ambiental,6
Ricardo,Paredes Silva,18743083@sima.com,ricardo123,Tecnología Médica - Laboratorio Clínico y Anatomía Patológica,2
Ana,Mendoza López,49711984@sima.com,ana123,Ingeniería Ambiental,2
Elena,Castillo Huamán,51262615@sima.com,elena123,Ingeniería de Minas,8
Sofía,Quispe Mamani,74162143@sima.com,sofía123,Ingeniería Eléctrica,9
Diego,Castillo Huamán,12185568@sima.com,diego123,Odontología,7
Valeria,Flores Rojas,87681888@sima.com,valeria123,Ingeniería Mecatrónica,10
Sofía,Torres Díaz,44485668@sima.com,sofía123,Ingeniería Mecánica,6
Kevin,García Pérez,55747842@sima.com,kevin123,Enfermería,7
Ricardo,Torres Díaz,97957703@sima.com,ricardo123,Derecho,9
Andrea,Torres Díaz,69711556@sima.com,andrea123,Ingeniería Industrial,3
María,Quispe Mamani,19197197@sima.com,maría123,Derecho,3
Miguel,Cruz Fernández,72645434@sima.com,miguel123,Farmacia y Bioquímica,3
María,Mendoza López,46367332@sima.com,maría123,Ingeniería Industrial,1
José,Flores Rojas,79103556@sima.com,josé123,Ingeniería Eléctrica,10
Carlos,Flores Rojas,86662568@sima.com,carlos123,Ingeniería de Sistemas e Informática,6
Jorge,García Pérez,40358655@sima.com,jorge123,Ciencias de la Comunicación,4
Kevin,Quispe Mamani,68248394@sima.com,kevin123,Medicina Humana,3
Diego,Vargas Soto,31902553@sima.com,diego123,Nutrición y Dietética,10
Luis,Mendoza López,61009413@sima.com,luis123,Odontología,4
Luis,Flores Rojas,35164078@sima.com,luis123,Ingeniería Ambiental,1
Paula,Quispe Mamani,41868136@sima.com,paula123,Ingeniería de Sistemas e Informática,9
Carlos,Flores Rojas,58804192@sima.com,carlos123,Ingeniería de Minas,4
Lucía,Cruz Fernández,72724119@sima.com,lucía123,Enfermería,4
María,Torres Díaz,10980873@sima.com,maría123,Arquitectura,6
Diego,Quispe Mamani,34169439@sima.com,diego123,Odontología,7
Jorge,Paredes Silva,10258916@sima.com,jorge123,Derecho,4
Camila,Quispe Mamani,50812629@sima.com,camila123,Odontología,1
Valeria,Ramos Medina,45359055@sima.com,valeria123,Odontología,10
Sofía,Mendoza López,83224124@sima.com,sofía123,Odontología,5
María,Cruz Fernández,81176498@sima.com,maría123,Ingeniería de Sistemas e Informática,2
Jorge,Flores Rojas,72866779@sima.com,jorge123,Farmacia y Bioquímica,8
Carlos,Torres Díaz,21406206@sima.com,carlos123,Ingeniería Ambiental,5
Alonso,Vargas Soto,98652663@sima.com,alonso123,Ingeniería Civil,7
Sofía,Paredes Silva,29927949@sima.com,sofía123,Ingeniería Ambiental,1
Sofía,Flores Rojas,48138677@sima.com,sofía123,Tecnología Médica - Terapia Física y Rehabilitación,4
Luis,Castillo Huamán,66857409@sima.com,luis123,Ingeniería Industrial,9
Ricardo,Mendoza López,62349065@sima.com,ricardo123,Ingeniería Industrial,4
María,Torres Díaz,66886583@sima.com,maría123,Tecnología Médica - Laboratorio Clínico y Anatomía Patológica,8
José,Cruz Fernández,86287031@sima.com,josé123,Ingeniería de Sistemas e Informática,3
Ana,Flores Rojas,29190832@sima.com,ana123,Tecnología Médica - Laboratorio Clínico y Anatomía Patológica,10
Camila,Flores Rojas,84807619@sima.com,camila123,Ingeniería Ambiental,4
Elena,Cruz Fernández,29235053@sima.com,elena123,Odontología,6
Fernando,Castillo Huamán,20653330@sima.com,fernando123,Ingeniería Mecatrónica,1
María,Mendoza López,56731053@sima.com,maría123,Enfermería,6
Paula,Vargas Soto,11056614@sima.com,paula123,Ingeniería Civil,6
José,Cruz Fernández,47300631@sima.com,josé123,Farmacia y Bioquímica,3
José,Mendoza López,58066937@sima.com,josé123,Ingeniería Mecatrónica,10
Miguel,Paredes Silva,66368476@sima.com,miguel123,Ingeniería Mecatrónica,2
Fernando,Torres Díaz,81765997@sima.com,fernando123,Ingeniería Mecatrónica,7
José,Flores Rojas,28379261@sima.com,josé123,Tecnología Médica - Terapia Física y Rehabilitación,1
Fernando,Ramos Medina,20722876@sima.com,fernando123,Ingeniería Ambiental,3
Carlos,Quispe Mamani,47279808@sima.com,carlos123,Ingeniería Industrial,6
Carlos,Castillo Huamán,59712933@sima.com,carlos123,Ingeniería Industrial,6
Jorge,Paredes Silva,86169388@sima.com,jorge123,Ingeniería Industrial,4
Lucía,Cruz Fernández,10762182@sima.com,lucía123,Tecnología Médica - Radiología,9
Paula,Quispe Mamani,63873200@sima.com,paula123,Ingeniería Industrial,10
Lucía,Quispe Mamani,59605965@sima.com,lucía123,Arquitectura,1
Daniela,Mendoza López,17164914@sima.com,daniela123,Derecho,7
Jorge,Flores Rojas,99559402@sima.com,jorge123,Odontología,3
Fernando,Cruz Fernández,90412586@sima.com,fernando123,Ingeniería Mecánica,9
Ana,Paredes Silva,94662968@sima.com,ana123,Farmacia y Bioquímica,9
Lucía,Torres Díaz,39086787@sima.com,lucía123,Ingeniería Civil,2
Andrea,Paredes Silva,78795296@sima.com,andrea123,Ingeniería Empresarial,9
Camila,García Pérez,71132272@sima.com,camila123,Ingeniería de Sistemas e Informática,4
Ana,Torres Díaz,34929177@sima.com,ana123,Ingeniería de Sistemas e Informática,3
Daniela,Quispe Mamani,41157512@sima.com,daniela123,Ciencias de la Comunicación,6
Andrea,Torres Díaz,52174069@sima.com,andrea123,Ciencias de la Comunicación,9
Paula,Castillo Huamán,57943151@sima.com,paula123,Ingeniería Ambiental,1
Alonso,Vargas Soto,44040428@sima.com,alonso123,Tecnología Médica - Radiología,9
Jorge,Vargas Soto,16876901@sima.com,jorge123,Ingeniería Mecánica,4
Miguel,Mendoza López,67671464@sima.com,miguel123,Ingeniería de Minas,8
Andrea,Flores Rojas,25476369@sima.com,andrea123,Farmacia y Bioquímica,8
Camila,Vargas Soto,64574332@sima.com,camila123,Ingeniería de Minas,7
Ricardo,Ramos Medina,67641552@sima.com,ricardo123,Arquitectura,10
Ana,Quispe Mamani,53503388@sima.com,ana123,Farmacia y Bioquímica,1
Andrea,Castillo Huamán,36706144@sima.com,andrea123,Tecnología Médica - Terapia Física y Rehabilitación,10
Daniela,Torres Díaz,20368940@sima.com,daniela123,Tecnología Médica - Terapia Física y Rehabilitación,4
José,Vargas Soto,38566620@sima.com,josé123,Medicina Humana,3
Kevin,Paredes Silva,48380637@sima.com,kevin123,Tecnología Médica - Terapia Física y Rehabilitación,6
Sofía,Quispe Mamani,54077876@sima.com,sofía123,Derecho,10
Valeria,Vargas Soto,63869219@sima.com,valeria123,Ingeniería Mecánica,9
Daniela,Quispe Mamani,70204159@sima.com,daniela123,Arquitectura,5
Kevin,Mendoza López,26881918@sima.com,kevin123,Odontología,9
Diego,Vargas Soto,93202276@sima.com,diego123,Enfermería,3
José,Mendoza López,94284972@sima.com,josé123,Enfermería,7
Luis,Ramos Medina,94148853@sima.com,luis123,Ingeniería de Sistemas e Informática,1
José,Cruz Fernández,87376403@sima.com,josé123,Ingeniería de Minas,7
Alonso,Castillo Huamán,22370227@sima.com,alonso123,Ingeniería Industrial,2
Alonso,Paredes Silva,45601088@sima.com,alonso123,Ciencias de la Comunicación,4
Valeria,Castillo Huamán,42603020@sima.com,valeria123,Ingeniería Civil,5
Alonso,Flores Rojas,55227622@sima.com,alonso123,Farmacia y Bioquímica,4
Elena,Ramos Medina,85719177@sima.com,elena123,Tecnología Médica - Radiología,5
Elena,Cruz Fernández,92132567@sima.com,elena123,Nutrición y Dietética,1
Sofía,García Pérez,33166495@sima.com,sofía123,Ingeniería de Minas,8
Kevin,Ramos Medina,79777213@sima.com,kevin123,Medicina Humana,9
Kevin,Flores Rojas,32509151@sima.com,kevin123,Arquitectura,8
José,Flores Rojas,33306843@sima.com,josé123,Ingeniería Civil,7
Kevin,Vargas Soto,27372712@sima.com,kevin123,Ingeniería Mecatrónica,6
Paula,Flores Rojas,69320833@sima.com,paula123,Ingeniería de Sistemas e Informática,6
José,García Pérez,38082031@sima.com,josé123,Arquitectura,4
Valeria,Flores Rojas,73416482@sima.com,valeria123,Tecnología Médica - Terapia Física y Rehabilitación,3
Lucía,Torres Díaz,67640161@sima.com,lucía123,Ingeniería Empresarial,7
Ricardo,Ramos Medina,80645401@sima.com,ricardo123,Ingeniería Empresarial,8
Andrea,Flores Rojas,95784667@sima.com,andrea123,Enfermería,6
Lucía,Paredes Silva,81486450@sima.com,lucía123,Derecho,5
Valeria,Paredes Silva,16847316@sima.com,valeria123,Ingeniería Empresarial,2
José,García Pérez,57652611@sima.com,josé123,Tecnología Médica - Laboratorio Clínico y Anatomía Patológica,4
Ricardo,Ramos Medina,29383348@sima.com,ricardo123,Ingeniería Ambiental,9
Jorge,Quispe Mamani,52957013@sima.com,jorge123,Nutrición y Dietética,10
José,Cruz Fernández,35291039@sima.com,josé123,Ingeniería de Minas,6
Sofía,Ramos Medina,16336739@sima.com,sofía123,Ingeniería Mecánica,3
Fernando,Paredes Silva,12869205@sima.com,fernando123,Ingeniería Ambiental,6
Miguel,Cruz Fernández,59539427@sima.com,miguel123,Medicina Humana,9
Alonso,Cruz Fernández,97614079@sima.com,alonso123,Odontología,8
Luis,García Pérez,99652839@sima.com,luis123,Ingeniería Industrial,5
Alonso,Castillo Huamán,95495255@sima.com,alonso123,Tecnología Médica - Terapia Física y Rehabilitación,10
Diego,Mendoza López,16688463@sima.com,diego123,Enfermería,6
Sofía,Ramos Medina,16631250@sima.com,sofía123,Ingeniería Eléctrica,8
Fernando,García Pérez,60149086@sima.com,fernando123,Ingeniería de Sistemas e Informática,6
Lucía,Castillo Huamán,35984684@sima.com,lucía123,Tecnología Médica - Laboratorio Clínico y Anatomía Patológica,9
María,Mendoza López,91072297@sima.com,maría123,Enfermería,4
Valeria,García Pérez,35799911@sima.com,valeria123,Ingeniería Eléctrica,6
Kevin,García Pérez,10299937@sima.com,kevin123,Enfermería,5
Ricardo,Flores Rojas,27970474@sima.com,ricardo123,Farmacia y Bioquímica,1
Paula,Paredes Silva,77127193@sima.com,paula123,Ingeniería Ambiental,9
Ana,Vargas Soto,55112102@sima.com,ana123,Ingeniería Mecánica,4
Andrea,Paredes Silva,79046375@sima.com,andrea123,Tecnología Médica - Radiología,10
José,Vargas Soto,12678166@sima.com,josé123,Farmacia y Bioquímica,10
Camila,Torres Díaz,43902200@sima.com,camila123,Nutrición y Dietética,3
Daniela,Castillo Huamán,64554377@sima.com,daniela123,Nutrición y Dietética,3
Luis,García Pérez,98923907@sima.com,luis123,Ingeniería Empresarial,8
Luis,Cruz Fernández,48426299@sima.com,luis123,Tecnología Médica - Terapia Física y Rehabilitación,10
Ana,Ramos Medina,64234141@sima.com,ana123,Odontología,7
Sofía,Castillo Huamán,16011955@sima.com,sofía123,Farmacia y Bioquímica,7
María,Ramos Medina,66110543@sima.com,maría123,Ingeniería Empresarial,4
Camila,García Pérez,22315837@sima.com,camila123,Enfermería,2
Jorge,Mendoza López,16950727@sima.com,jorge123,Ciencias de la Comunicación,3
Sofía,Vargas Soto,21084683@sima.com,sofía123,Farmacia y Bioquímica,8
Elena,Torres Díaz,98033866@sima.com,elena123,Ingeniería de Sistemas e Informática,10
Elena,Castillo Huamán,63117527@sima.com,elena123,Farmacia y Bioquímica,9
Ricardo,Paredes Silva,47587980@sima.com,ricardo123,Farmacia y Bioquímica,9
Luis,Paredes Silva,93653878@sima.com,luis123,Ingeniería Mecánica,5
Luis,Mendoza López,60395836@sima.com,luis123,Ingeniería Civil,5
Diego,Castillo Huamán,86080926@sima.com,diego123,Ingeniería Industrial,3
Diego,Torres Díaz,54683579@sima.com,diego123,Ingeniería de Minas,4
Carlos,Castillo Huamán,21116685@sima.com,carlos123,Ingeniería Civil,6
Fernando,Cruz Fernández,17372226@sima.com,fernando123,Ingeniería de Minas,2
Jorge,Cruz Fernández,76545660@sima.com,jorge123,Ingeniería Industrial,7
Miguel,García Pérez,76181251@sima.com,miguel123,Ingeniería Empresarial,6
Carlos,Cruz Fernández,64843691@sima.com,carlos123,Enfermería,7
Daniela,Mendoza López,13850358@sima.com,daniela123,Medicina Humana,3
José,García Pérez,74817854@sima.com,josé123,Ingeniería Empresarial,6
Valeria,Vargas Soto,82688000@sima.com,valeria123,Nutrición y Dietética,3
Paula,Paredes Silva,28187961@sima.com,paula123,Ciencias de la Comunicación,3
Lucía,Castillo Huamán,55653918@sima.com,lucía123,Enfermería,1
María,Mendoza López,23830656@sima.com,maría123,Derecho,4
Kevin,Cruz Fernández,50116412@sima.com,kevin123,Derecho,5
Valeria,Flores Rojas,40820088@sima.com,valeria123,Arquitectura,9
José,García Pérez,21091047@sima.com,josé123,Tecnología Médica - Laboratorio Clínico y Anatomía Patológica,1
Jorge,Cruz Fernández,14806710@sima.com,jorge123,Nutrición y Dietética,2
Elena,Quispe Mamani,58106045@sima.com,elena123,Tecnología Médica - Laboratorio Clínico y Anatomía Patológica,6
Sofía,Paredes Silva,61360916@sima.com,sofía123,Enfermería,1
Alonso,Quispe Mamani,51752669@sima.com,alonso123,Derecho,4
Elena,Flores Rojas,54129455@sima.com,elena123,Ingeniería Empresarial,7
Diego,Vargas Soto,21625898@sima.com,diego123,Odontología,5
Alonso,Flores Rojas,19521677@sima.com,alonso123,Enfermería,7
Jorge,Ramos Medina,79323967@sima.com,jorge123,Ingeniería Mecánica,6
Andrea,Vargas Soto,61373148@sima.com,andrea123,Ingeniería Civil,9
Elena,Flores Rojas,52298952@sima.com,elena123,Ciencias de la Comunicación,8
Miguel,García Pérez,23063794@sima.com,miguel123,Nutrición y Dietética,10
Jorge,Vargas Soto,59947929@sima.com,jorge123,Ingeniería de Sistemas e Informática,7
Elena,Flores Rojas,46508412@sima.com,elena123,Nutrición y Dietética,10
Fernando,Ramos Medina,87909630@sima.com,fernando123,Ingeniería Empresarial,1
Ricardo,Flores Rojas,78316931@sima.com,ricardo123,Ingeniería de Sistemas e Informática,5
José,Flores Rojas,73535583@sima.com,josé123,Ingeniería Mecatrónica,3
Daniela,Torres Díaz,36999376@sima.com,daniela123,Tecnología Médica - Terapia Física y Rehabilitación,5
Camila,Ramos Medina,78820138@sima.com,camila123,Ingeniería de Sistemas e Informática,9
Ricardo,García Pérez,39014113@sima.com,ricardo123,Tecnología Médica - Radiología,9
Camila,Vargas Soto,27246861@sima.com,camila123,Farmacia y Bioquímica,3
Sofía,Mendoza López,90568528@sima.com,sofía123,Ingeniería Civil,4
Lucía,Castillo Huamán,19496150@sima.com,lucía123,Ingeniería Ambiental,5
Sofía,Paredes Silva,71209303@sima.com,sofía123,Ingeniería Mecánica,7
Lucía,Quispe Mamani,69935530@sima.com,lucía123,Ingeniería Empresarial,4
Carlos,Cruz Fernández,13126107@sima.com,carlos123,Enfermería,2
Camila,Ramos Medina,57645841@sima.com,camila123,Ciencias de la Comunicación,4
Sofía,Flores Rojas,51015575@sima.com,sofía123,Ingeniería Civil,2
Valeria,Vargas Soto,22106076@sima.com,valeria123,Nutrición y Dietética,9
Andrea,Mendoza López,98554645@sima.com,andrea123,Ingeniería Civil,7
Ana,Mendoza López,36731041@sima.com,ana123,Ingeniería Mecánica,6
Luis,Vargas Soto,21678099@sima.com,luis123,Ingeniería de Sistemas e Informática,3
Alonso,García Pérez,50036272@sima.com,alonso123,Ingeniería Mecánica,10
Diego,Torres Díaz,78597829@sima.com,diego123,Ingeniería Mecatrónica,4
José,Mendoza López,67613888@sima.com,josé123,Nutrición y Dietética,8
Fernando,Vargas Soto,75071249@sima.com,fernando123,Odontología,10
Kevin,Torres Díaz,86174349@sima.com,kevin123,Farmacia y Bioquímica,1
José,Vargas Soto,85437318@sima.com,josé123,Nutrición y Dietética,2
Alonso,Paredes Silva,65300523@sima.com,alonso123,Tecnología Médica - Laboratorio Clínico y Anatomía Patológica,5
Alonso,Castillo Huamán,33511288@sima.com,alonso123,Ingeniería Mecánica,3
Jorge,Ramos Medina,99975188@sima.com,jorge123,Ingeniería Mecánica,8
Jorge,Vargas Soto,35481639@sima.com,jorge123,Ingeniería Industrial,2
Ana,Flores Rojas,78377755@sima.com,ana123,Medicina Humana,6
Daniela,Ramos Medina,99953876@sima.com,daniela123,Tecnología Médica - Terapia Física y Rehabilitación,9
Camila,Ramos Medina,68076870@sima.com,camila123,Odontología,2
Paula,Ramos Medina,41784810@sima.com,paula123,Ingeniería Empresarial,8
Luis,Cruz Fernández,60416035@sima.com,luis123,Ingeniería Civil,10
Ana,Ramos Medina,80039841@sima.com,ana123,Tecnología Médica - Radiología,9
Jorge,Cruz Fernández,85009923@sima.com,jorge123,Tecnología Médica - Radiología,10
Ana,Ramos Medina,90868007@sima.com,ana123,Nutrición y Dietética,2
Lucía,Mendoza López,74547256@sima.com,lucía123,Ingeniería Ambiental,2
Valeria,García Pérez,76043104@sima.com,valeria123,Ingeniería Mecatrónica,6
Fernando,Castillo Huamán,36323849@sima.com,fernando123,Ingeniería Mecatrónica,10
Andrea,Torres Díaz,18472250@sima.com,andrea123,Ingeniería Civil,3
Valeria,García Pérez,33211767@sima.com,valeria123,Ingeniería Civil,7
Kevin,Flores Rojas,11474532@sima.com,kevin123,Ingeniería Civil,8
Ana,Ramos Medina,48679146@sima.com,ana123,Enfermería,1
José,Paredes Silva,83910964@sima.com,josé123,Ciencias de la Comunicación,8
Carlos,Paredes Silva,89232886@sima.com,carlos123,Ingeniería de Sistemas e Informática,4
Camila,Cruz Fernández,43458198@sima.com,camila123,Tecnología Médica - Terapia Física y Rehabilitación,5
Andrea,Vargas Soto,19185699@sima.com,andrea123,Tecnología Médica - Laboratorio Clínico y Anatomía Patológica,3
Jorge,Quispe Mamani,45754635@sima.com,jorge123,Tecnología Médica - Terapia Física y Rehabilitación,3
Carlos,Ramos Medina,19801875@sima.com,carlos123,Ingeniería de Minas,6
Carlos,Torres Díaz,18334403@sima.com,carlos123,Ingeniería Mecánica,3
Ana,Castillo Huamán,61509179@sima.com,ana123,Ingeniería Industrial,2
Carlos,Paredes Silva,76358294@sima.com,carlos123,Ingeniería Ambiental,3
Camila,Ramos Medina,87173786@sima.com,camila123,Enfermería,3
Jorge,Ramos Medina,32486643@sima.com,jorge123,Ingeniería Empresarial,2
Ricardo,Vargas Soto,26367307@sima.com,ricardo123,Ciencias de la Comunicación,5
Lucía,Vargas Soto,19072045@sima.com,lucía123,Medicina Humana,8
Fernando,Paredes Silva,15141614@sima.com,fernando123,Ingeniería Mecánica,6
Alonso,Paredes Silva,58920535@sima.com,alonso123,Ingeniería de Sistemas e Informática,3
Ana,Ramos Medina,59839775@sima.com,ana123,Tecnología Médica - Laboratorio Clínico y Anatomía Patológica,3
Luis,Paredes Silva,82681842@sima.com,luis123,Ingeniería Civil,7
Elena,Flores Rojas,47749531@sima.com,elena123,Ingeniería de Sistemas e Informática,2
Ricardo,Paredes Silva,68672126@sima.com,ricardo123,Ingeniería de Sistemas e Informática,10
Fernando,García Pérez,39398094@sima.com,fernando123,Ingeniería Empresarial,7
Andrea,Vargas Soto,40208320@sima.com,andrea123,Ingeniería de Minas,9
María,Flores Rojas,15160880@sima.com,maría123,Tecnología Médica - Radiología,7
Elena,Flores Rojas,53454519@sima.com,elena123,Ingeniería Industrial,6
Camila,Mendoza López,23720224@sima.com,camila123,Tecnología Médica - Radiología,1
Kevin,Cruz Fernández,32854678@sima.com,kevin123,Ingeniería Mecánica,8
Camila,Quispe Mamani,87313177@sima.com,camila123,Ingeniería Industrial,3
Carlos,Castillo Huamán,33476754@sima.com,carlos123,Ingeniería de Minas,3
María,Torres Díaz,70690071@sima.com,maría123,Tecnología Médica - Terapia Física y Rehabilitación,8
Andrea,García Pérez,25503579@sima.com,andrea123,Ciencias de la Comunicación,7
Fernando,Flores Rojas,27850058@sima.com,fernando123,Ingeniería Empresarial,8
Camila,Ramos Medina,10749892@sima.com,camila123,Derecho,6
María,Cruz Fernández,31420453@sima.com,maría123,Ingeniería Mecatrónica,8
Diego,Castillo Huamán,78526674@sima.com,diego123,Ciencias de la Comunicación,2
Camila,Torres Díaz,62576333@sima.com,camila123,Nutrición y Dietética,6
Miguel,Castillo Huamán,95930847@sima.com,miguel123,Nutrición y Dietética,5
Carlos,Paredes Silva,57698443@sima.com,carlos123,Tecnología Médica - Radiología,7
Sofía,Mendoza López,93057994@sima.com,sofía123,Ingeniería Mecatrónica,10
Miguel,Flores Rojas,37117429@sima.com,miguel123,Odontología,10
Ricardo,Flores Rojas,33239295@sima.com,ricardo123,Ingeniería Civil,10
Paula,Torres Díaz,34766502@sima.com,paula123,Tecnología Médica - Radiología,6
Camila,Flores Rojas,84008891@sima.com,camila123,Ingeniería Mecánica,6
Sofía,García Pérez,32337951@sima.com,sofía123,Farmacia y Bioquímica,5
María,Cruz Fernández,41218321@sima.com,maría123,Ingeniería Mecánica,6
Sofía,Torres Díaz,38284010@sima.com,sofía123,Nutrición y Dietética,5
Daniela,Cruz Fernández,99663756@sima.com,daniela123,Derecho,5
Kevin,Flores Rojas,43759437@sima.com,kevin123,Farmacia y Bioquímica,6
Carlos,Castillo Huamán,36386780@sima.com,carlos123,Ingeniería Civil,5
Miguel,Vargas Soto,47383404@sima.com,miguel123,Ingeniería Mecánica,9
Ricardo,Mendoza López,36639114@sima.com,ricardo123,Arquitectura,9
Ana,Torres Díaz,35007044@sima.com,ana123,Ingeniería Mecánica,7
Valeria,Ramos Medina,37263514@sima.com,valeria123,Ingeniería Ambiental,3
Jorge,Flores Rojas,11303985@sima.com,jorge123,Ingeniería Mecánica,9
Diego,Quispe Mamani,56570535@sima.com,diego123,Ingeniería Civil,5
Luis,Vargas Soto,21174174@sima.com,luis123,Ingeniería Ambiental,7
María,Ramos Medina,64542481@sima.com,maría123,Ingeniería Ambiental,7
Fernando,Quispe Mamani,62579553@sima.com,fernando123,Arquitectura,8
María,Flores Rojas,39139400@sima.com,maría123,Tecnología Médica - Radiología,9
Paula,Flores Rojas,16257545@sima.com,paula123,Tecnología Médica - Laboratorio Clínico y Anatomía Patológica,9
Kevin,Castillo Huamán,31070872@sima.com,kevin123,Ingeniería Industrial,7
Daniela,Torres Díaz,64219193@sima.com,daniela123,Farmacia y Bioquímica,6
Jorge,Mendoza López,48760408@sima.com,jorge123,Derecho,1
Sofía,Ramos Medina,72034068@sima.com,sofía123,Ingeniería Mecánica,4
Sofía,García Pérez,20614880@sima.com,sofía123,Ciencias de la Comunicación,5
Paula,Ramos Medina,66574904@sima.com,paula123,Ingeniería Empresarial,6
Lucía,Paredes Silva,14822057@sima.com,lucía123,Ingeniería Civil,3
Diego,Castillo Huamán,97820411@sima.com,diego123,Ingeniería Ambiental,10
Andrea,Vargas Soto,94415753@sima.com,andrea123,Tecnología Médica - Laboratorio Clínico y Anatomía Patológica,10
Ricardo,García Pérez,73167620@sima.com,ricardo123,Medicina Humana,10
María,García Pérez,36224780@sima.com,maría123,Ingeniería de Minas,10
Camila,Cruz Fernández,82624056@sima.com,camila123,Ingeniería de Sistemas e Informática,6
Carlos,Vargas Soto,63591273@sima.com,carlos123,Tecnología Médica - Laboratorio Clínico y Anatomía Patológica,1
Camila,Flores Rojas,75294067@sima.com,camila123,Derecho,2
Valeria,Quispe Mamani,22266521@sima.com,valeria123,Ingeniería Mecánica,7
José,Torres Díaz,91754479@sima.com,josé123,Tecnología Médica - Laboratorio Clínico y Anatomía Patológica,5
Paula,Quispe Mamani,67041363@sima.com,paula123,Ingeniería Empresarial,3
Valeria,García Pérez,34973592@sima.com,valeria123,Tecnología Médica - Laboratorio Clínico y Anatomía Patológica,1
José,Castillo Huamán,73955493@sima.com,josé123,Odontología,8
Ricardo,Quispe Mamani,41612508@sima.com,ricardo123,Odontología,3
José,Vargas Soto,77749963@sima.com,josé123,Ciencias de la Comunicación,5
Andrea,Vargas Soto,69726638@sima.com,andrea123,Tecnología Médica - Laboratorio Clínico y Anatomía Patológica,7
Paula,Cruz Fernández,77258277@sima.com,paula123,Arquitectura,1
Daniela,García Pérez,79708519@sima.com,daniela123,Tecnología Médica - Radiología,4
Valeria,Torres Díaz,36148879@sima.com,valeria123,Nutrición y Dietética,2
Daniela,Vargas Soto,82262650@sima.com,daniela123,Odontología,6
Andrea,Paredes Silva,55761419@sima.com,andrea123,Tecnología Médica - Laboratorio Clínico y Anatomía Patológica,2
Andrea,Quispe Mamani,93105970@sima.com,andrea123,Tecnología Médica - Laboratorio Clínico y Anatomía Patológica,3
Ricardo,Torres Díaz,87760470@sima.com,ricardo123,Odontología,1
Ricardo,Ramos Medina,21819915@sima.com,ricardo123,Ingeniería Civil,6
Ricardo,Castillo Huamán,48252579@sima.com,ricardo123,Ingeniería Eléctrica,3
Miguel,Cruz Fernández,42758047@sima.com,miguel123,Farmacia y Bioquímica,1
María,Quispe Mamani,66198311@sima.com,maría123,Ingeniería de Sistemas e Informática,7
José,Flores Rojas,77046728@sima.com,josé123,Medicina Humana,5
Daniela,Torres Díaz,13150334@sima.com,daniela123,Ingeniería de Sistemas e Informática,8
José,Paredes Silva,82881715@sima.com,josé123,Ingeniería Ambiental,9
Ana,Flores Rojas,41317058@sima.com,ana123,Nutrición y Dietética,7
Lucía,Cruz Fernández,71666123@sima.com,lucía123,Nutrición y Dietética,1
Ana,Cruz Fernández,49107214@sima.com,ana123,Medicina Humana,3
Camila,Flores Rojas,80603007@sima.com,camila123,Ingeniería Civil,3
Kevin,Mendoza López,33559790@sima.com,kevin123,Nutrición y Dietética,5
Elena,Cruz Fernández,33735747@sima.com,elena123,Derecho,4
Elena,García Pérez,42237585@sima.com,elena123,Ciencias de la Comunicación,7
Lucía,Cruz Fernández,13677939@sima.com,lucía123,Ingeniería de Sistemas e Informática,3
Jorge,Paredes Silva,84516415@sima.com,jorge123,Derecho,6
Diego,Mendoza López,38434981@sima.com,diego123,Odontología,6
Sofía,Vargas Soto,30766052@sima.com,sofía123,Derecho,4
Elena,Ramos Medina,50409459@sima.com,elena123,Ingeniería Mecatrónica,9
Kevin,Quispe Mamani,42124229@sima.com,kevin123,Ingeniería Empresarial,4
Luis,Flores Rojas,96405149@sima.com,luis123,Ingeniería Mecatrónica,9
Sofía,Flores Rojas,74099591@sima.com,sofía123,Tecnología Médica - Terapia Física y Rehabilitación,10
Miguel,Castillo Huamán,54550285@sima.com,miguel123,Odontología,7
María,Paredes Silva,76513119@sima.com,maría123,Ingeniería Ambiental,8
Andrea,García Pérez,65629133@sima.com,andrea123,Ingeniería Mecánica,6
María,Paredes Silva,92367513@sima.com,maría123,Ciencias de la Comunicación,6
Ricardo,Quispe Mamani,32092817@sima.com,ricardo123,Ingeniería Industrial,8
Alonso,Ramos Medina,56967401@sima.com,alonso123,Ingeniería de Sistemas e Informática,1
Luis,Ramos Medina,94531723@sima.com,luis123,Ingeniería Empresarial,6
José,García Pérez,57677799@sima.com,josé123,Medicina Humana,5
Camila,Mendoza López,87425394@sima.com,camila123,Ingeniería Mecatrónica,2
Luis,Flores Rojas,30049894@sima.com,luis123,Derecho,7
María,García Pérez,73026235@sima.com,maría123,Tecnología Médica - Terapia Física y Rehabilitación,3
Ana,Quispe Mamani,49140256@sima.com,ana123,Ingeniería Ambiental,6
Carlos,Flores Rojas,72362138@sima.com,carlos123,Tecnología Médica - Terapia Física y Rehabilitación,2
Paula,Torres Díaz,61579189@sima.com,paula123,Tecnología Médica - Terapia Física y Rehabilitación,6
Andrea,Vargas Soto,72308068@sima.com,andrea123,Odontología,10
Kevin,García Pérez,50425687@sima.com,kevin123,Enfermería,8
Ricardo,Torres Díaz,22664989@sima.com,ricardo123,Arquitectura,1
Fernando,Flores Rojas,22296511@sima.com,fernando123,Arquitectura,5
Daniela,Ramos Medina,65626990@sima.com,daniela123,Ingeniería Empresarial,1
Ana,Quispe Mamani,55735196@sima.com,ana123,Derecho,10
Valeria,García Pérez,87713201@sima.com,valeria123,Ingeniería Eléctrica,4
Camila,García Pérez,88683124@sima.com,camila123,Ingeniería Ambiental,2
Sofía,Mendoza López,27782236@sima.com,sofía123,Ingeniería Industrial,10
Miguel,Paredes Silva,86620043@sima.com,miguel123,Farmacia y Bioquímica,1
José,Castillo Huamán,96712025@sima.com,josé123,Ciencias de la Comunicación,8
Jorge,Torres Díaz,69506950@sima.com,jorge123,Tecnología Médica - Radiología,4
Carlos,Cruz Fernández,78451648@sima.com,carlos123,Ingeniería de Minas,7
Andrea,Torres Díaz,82199745@sima.com,andrea123,Enfermería,7
Ricardo,Vargas Soto,23766176@sima.com,ricardo123,Arquitectura,7
Carlos,Quispe Mamani,96728872@sima.com,carlos123,Medicina Humana,6
Alonso,Castillo Huamán,81659171@sima.com,alonso123,Ingeniería de Sistemas e Informática,3
Andrea,Castillo Huamán,10845997@sima.com,andrea123,Ingeniería Civil,7
Sofía,Paredes Silva,89850972@sima.com,sofía123,Ingeniería Mecatrónica,1
Andrea,Ramos Medina,22808424@sima.com,andrea123,Derecho,4
Lucía,Flores Rojas,86557991@sima.com,lucía123,Arquitectura,10
Ana,Mendoza López,45417114@sima.com,ana123,Ingeniería Empresarial,6
Elena,Flores Rojas,33724713@sima.com,elena123,Ciencias de la Comunicación,10
Sofía,Mendoza López,35779333@sima.com,sofía123,Odontología,4
Alonso,Torres Díaz,29873428@sima.com,alonso123,Ingeniería de Minas,8
María,Mendoza López,58851954@sima.com,maría123,Ciencias de la Comunicación,3
Fernando,Ramos Medina,20242943@sima.com,fernando123,Tecnología Médica - Terapia Física y Rehabilitación,7
Ana,Torres Díaz,81762134@sima.com,ana123,Nutrición y Dietética,2
Andrea,Cruz Fernández,90421320@sima.com,andrea123,Ingeniería de Minas,9
Fernando,Castillo Huamán,79910900@sima.com,fernando123,Derecho,9
Lucía,Quispe Mamani,68727445@sima.com,lucía123,Tecnología Médica - Terapia Física y Rehabilitación,4
Diego,Flores Rojas,48293599@sima.com,diego123,Medicina Humana,4
Miguel,Paredes Silva,54936109@sima.com,miguel123,Enfermería,4
María,García Pérez,73804164@sima.com,maría123,Tecnología Médica - Laboratorio Clínico y Anatomía Patológica,1
Miguel,Castillo Huamán,14968270@sima.com,miguel123,Ingeniería Eléctrica,5
María,Mendoza López,86185621@sima.com,maría123,Farmacia y Bioquímica,7
Miguel,Torres Díaz,76997788@sima.com,miguel123,Ingeniería Ambiental,3
Ana,Mendoza López,16023151@sima.com,ana123,Enfermería,4
Luis,Quispe Mamani,50677028@sima.com,luis123,Ingeniería Industrial,2
Paula,Castillo Huamán,33055070@sima.com,paula123,Ingeniería Ambiental,3
Fernando,Torres Díaz,27588091@sima.com,fernando123,Ingeniería Mecánica,3
Diego,Ramos Medina,84094104@sima.com,diego123,Ingeniería Ambiental,3
Carlos,Mendoza López,98381828@sima.com,carlos123,Tecnología Médica - Radiología,6
Elena,Vargas Soto,58085373@sima.com,elena123,Odontología,9
María,Flores Rojas,64513042@sima.com,maría123,Ingeniería Civil,9
Daniela,Quispe Mamani,17450799@sima.com,daniela123,Tecnología Médica - Radiología,10
Elena,Flores Rojas,46150550@sima.com,elena123,Ingeniería de Minas,7
Daniela,Ramos Medina,93535298@sima.com,daniela123,Ingeniería de Sistemas e Informática,7
Jorge,Quispe Mamani,70382806@sima.com,jorge123,Enfermería,2
Sofía,Flores Rojas,23459272@sima.com,sofía123,Ingeniería de Sistemas e Informática,4
José,Quispe Mamani,84618274@sima.com,josé123,Nutrición y Dietética,2
Elena,García Pérez,56608664@sima.com,elena123,Derecho,3
Ricardo,García Pérez,13330290@sima.com,ricardo123,Farmacia y Bioquímica,2
Miguel,Cruz Fernández,58918628@sima.com,miguel123,Ingeniería Empresarial,7
Andrea,Ramos Medina,98295798@sima.com,andrea123,Tecnología Médica - Laboratorio Clínico y Anatomía Patológica,3
Andrea,Paredes Silva,67995926@sima.com,andrea123,Enfermería,2
Andrea,Cruz Fernández,91013082@sima.com,andrea123,Tecnología Médica - Radiología,1
Daniela,Vargas Soto,55871316@sima.com,daniela123,Tecnología Médica - Radiología,10
María,Cruz Fernández,99788104@sima.com,maría123,Tecnología Médica - Radiología,3
María,Flores Rojas,29324120@sima.com,maría123,Ciencias de la Comunicación,5
Andrea,Ramos Medina,49786068@sima.com,andrea123,Medicina Humana,3
María,Torres Díaz,57597464@sima.com,maría123,Ingeniería Mecánica,4
Ricardo,Ramos Medina,92956448@sima.com,ricardo123,Ingeniería Industrial,7
José,Torres Díaz,33390160@sima.com,josé123,Ingeniería Industrial,8
María,García Pérez,81759308@sima.com,maría123,Ciencias de la Comunicación,9
Diego,Vargas Soto,75043466@sima.com,diego123,Ingeniería Civil,8
Paula,Castillo Huamán,13513061@sima.com,paula123,Tecnología Médica - Laboratorio Clínico y Anatomía Patológica,7
Lucía,Cruz Fernández,24388173@sima.com,lucía123,Ingeniería Mecánica,10
Carlos,Quispe Mamani,22503066@sima.com,carlos123,Ingeniería Ambiental,5
Alonso,Torres Díaz,41008493@sima.com,alonso123,Derecho,3
Camila,Quispe Mamani,93952357@sima.com,camila123,Ingeniería Mecánica,10
María,Flores Rojas,22282968@sima.com,maría123,Ingeniería Mecánica,4
Paula,Flores Rojas,17377854@sima.com,paula123,Tecnología Médica - Radiología,5
Daniela,García Pérez,39300401@sima.com,daniela123,Ingeniería Eléctrica,8
Valeria,Vargas Soto,34625936@sima.com,valeria123,Odontología,8
Sofía,Torres Díaz,42076697@sima.com,sofía123,Ingeniería de Sistemas e Informática,3
Miguel,Quispe Mamani,95383810@sima.com,miguel123,Odontología,4
Ana,Quispe Mamani,30702585@sima.com,ana123,Ingeniería Industrial,10
Diego,Paredes Silva,55366194@sima.com,diego123,Tecnología Médica - Terapia Física y Rehabilitación,4
Alonso,Vargas Soto,61997988@sima.com,alonso123,Farmacia y Bioquímica,6
Camila,García Pérez,85530878@sima.com,camila123,Ingeniería Mecatrónica,9
Luis,Paredes Silva,13595022@sima.com,luis123,Tecnología Médica - Terapia Física y Rehabilitación,8
Fernando,Mendoza López,70091144@sima.com,fernando123,Derecho,5
Ana,Ramos Medina,82776281@sima.com,ana123,Medicina Humana,1
Andrea,Castillo Huamán,72806438@sima.com,andrea123,Ingeniería de Minas,10
Ricardo,Ramos Medina,16067767@sima.com,ricardo123,Ingeniería Ambiental,2
Ricardo,Quispe Mamani,35668382@sima.com,ricardo123,Tecnología Médica - Laboratorio Clínico y Anatomía Patológica,5
Andrea,Torres Díaz,36674998@sima.com,andrea123,Ingeniería de Sistemas e Informática,2
Diego,Ramos Medina,23214131@sima.com,diego123,Ingeniería Eléctrica,3
Fernando,Quispe Mamani,56441351@sima.com,fernando123,Ingeniería de Sistemas e Informática,10
Sofía,Quispe Mamani,61235290@sima.com,sofía123,Arquitectura,9
Fernando,Paredes Silva,78791018@sima.com,fernando123,Ingeniería de Sistemas e Informática,9
Lucía,Torres Díaz,86871349@sima.com,lucía123,Nutrición y Dietética,3
Carlos,García Pérez,68070399@sima.com,carlos123,Tecnología Médica - Radiología,7
Jorge,Quispe Mamani,54295478@sima.com,jorge123,Enfermería,1
Miguel,Torres Díaz,24066530@sima.com,miguel123,Farmacia y Bioquímica,9
Ricardo,Paredes Silva,73335301@sima.com,ricardo123,Tecnología Médica - Terapia Física y Rehabilitación,2
Fernando,Castillo Huamán,79847397@sima.com,fernando123,Arquitectura,5
Sofía,Ramos Medina,30566761@sima.com,sofía123,Ingeniería Industrial,1
Luis,Quispe Mamani,19371261@sima.com,luis123,Arquitectura,10
Diego,Vargas Soto,26026815@sima.com,diego123,Odontología,9
José,Quispe Mamani,25221482@sima.com,josé123,Odontología,8
Paula,Castillo Huamán,55372229@sima.com,paula123,Ingeniería Industrial,8
Ana,García Pérez,25979094@sima.com,ana123,Ciencias de la Comunicación,3
Carlos,García Pérez,98389178@sima.com,carlos123,Ingeniería de Sistemas e Informática,5
Paula,Castillo Huamán,55175531@sima.com,paula123,Ingeniería de Sistemas e Informática,7
Alonso,Vargas Soto,89266006@sima.com,alonso123,Ingeniería Industrial,7
José,Paredes Silva,96499509@sima.com,josé123,Ingeniería Ambiental,1
María,Paredes Silva,36185802@sima.com,maría123,Tecnología Médica - Terapia Física y Rehabilitación,4
Kevin,Quispe Mamani,66163712@sima.com,kevin123,Odontología,1
Elena,Torres Díaz,55672499@sima.com,elena123,Ingeniería Mecánica,10
Daniela,Castillo Huamán,57948097@sima.com,daniela123,Ciencias de la Comunicación,6
Luis,Paredes Silva,93635277@sima.com,luis123,Ingeniería Civil,1
Camila,Mendoza López,31573917@sima.com,camila123,Ingeniería Industrial,9
Sofía,Ramos Medina,37048716@sima.com,sofía123,Ingeniería Empresarial,2
Valeria,Flores Rojas,34365436@sima.com,valeria123,Ingeniería Empresarial,7
Alonso,García Pérez,18806975@sima.com,alonso123,Arquitectura,9
Kevin,García Pérez,44576928@sima.com,kevin123,Ingeniería Empresarial,1
Ricardo,Torres Díaz,54033150@sima.com,ricardo123,Ingeniería Mecánica,8
José,Vargas Soto,60578567@sima.com,josé123,Farmacia y Bioquímica,3
María,Cruz Fernández,28120107@sima.com,maría123,Arquitectura,4
Carlos,Mendoza López,62224472@sima.com,carlos123,Ingeniería Ambiental,1
Luis,Torres Díaz,66333960@sima.com,luis123,Medicina Humana,6
José,Paredes Silva,94326924@sima.com,josé123,Ingeniería Civil,2
Alonso,Mendoza López,80088661@sima.com,alonso123,Odontología,1
María,Mendoza López,83132695@sima.com,maría123,Ingeniería Ambiental,5
Daniela,Paredes Silva,84901411@sima.com,daniela123,Tecnología Médica - Laboratorio Clínico y Anatomía Patológica,3
Luis,Castillo Huamán,82669124@sima.com,luis123,Derecho,5
Lucía,Mendoza López,53627137@sima.com,lucía123,Ingeniería de Sistemas e Informática,9
Ana,Castillo Huamán,21835912@sima.com,ana123,Medicina Humana,1
Luis,Vargas Soto,91846562@sima.com,luis123,Medicina Humana,1
José,Vargas Soto,76820438@sima.com,josé123,Ingeniería Civil,1
Elena,Ramos Medina,43144467@sima.com,elena123,Ingeniería de Minas,5
Diego,Cruz Fernández,67857642@sima.com,diego123,Nutrición y Dietética,10
Elena,Ramos Medina,23619517@sima.com,elena123,Ingeniería Mecatrónica,7
Sofía,Flores Rojas,11095007@sima.com,sofía123,Enfermería,10
Paula,Torres Díaz,27485540@sima.com,paula123,Arquitectura,6
Daniela,Ramos Medina,51179641@sima.com,daniela123,Tecnología Médica - Laboratorio Clínico y Anatomía Patológica,9
Sofía,Castillo Huamán,48455860@sima.com,sofía123,Derecho,2
María,Quispe Mamani,29052291@sima.com,maría123,Ingeniería de Sistemas e Informática,8
Ricardo,Quispe Mamani,19508637@sima.com,ricardo123,Tecnología Médica - Terapia Física y Rehabilitación,2
Alonso,Quispe Mamani,56055862@sima.com,alonso123,Ingeniería Ambiental,3
Paula,Paredes Silva,43369213@sima.com,paula123,Derecho,7
Fernando,Flores Rojas,19641355@sima.com,fernando123,Ingeniería Ambiental,7
Kevin,Vargas Soto,78437055@sima.com,kevin123,Tecnología Médica - Laboratorio Clínico y Anatomía Patológica,10
Miguel,Cruz Fernández,61405671@sima.com,miguel123,Ingeniería Ambiental,10
Sofía,Vargas Soto,54459557@sima.com,sofía123,Tecnología Médica - Terapia Física y Rehabilitación,8
Alonso,Quispe Mamani,56900324@sima.com,alonso123,Enfermería,10
Paula,Castillo Huamán,21391305@sima.com,paula123,Farmacia y Bioquímica,8
José,Vargas Soto,61216986@sima.com,josé123,Ingeniería de Minas,8
Luis,Cruz Fernández,21987496@sima.com,luis123,Medicina Humana,5
Daniela,Flores Rojas,61667848@sima.com,daniela123,Odontología,1
Sofía,Cruz Fernández,77833441@sima.com,sofía123,Ingeniería de Minas,6
María,Mendoza López,85467421@sima.com,maría123,Tecnología Médica - Radiología,3
Daniela,Cruz Fernández,67371215@sima.com,daniela123,Ingeniería Civil,1
Lucía,Cruz Fernández,23667039@sima.com,lucía123,Ingeniería Mecánica,7
Lucía,García Pérez,88967385@sima.com,lucía123,Ingeniería de Minas,7
Fernando,Quispe Mamani,93237840@sima.com,fernando123,Farmacia y Bioquímica,3
Lucía,Paredes Silva,10736686@sima.com,lucía123,Tecnología Médica - Laboratorio Clínico y Anatomía Patológica,8
Paula,Paredes Silva,40791161@sima.com,paula123,Farmacia y Bioquímica,4
María,Ramos Medina,53929483@sima.com,maría123,Ingeniería Industrial,5
Miguel,Flores Rojas,70666928@sima.com,miguel123,Tecnología Médica - Radiología,3
Fernando,Flores Rojas,88537367@sima.com,fernando123,Tecnología Médica - Laboratorio Clínico y Anatomía Patológica,9
María,Flores Rojas,90316077@sima.com,maría123,Ciencias de la Comunicación,9
Andrea,Mendoza López,28210370@sima.com,andrea123,Ingeniería Industrial,2
José,Flores Rojas,94698579@sima.com,josé123,Tecnología Médica - Laboratorio Clínico y Anatomía Patológica,1
Carlos,Castillo Huamán,83805901@sima.com,carlos123,Nutrición y Dietética,8
José,Mendoza López,14629785@sima.com,josé123,Ingeniería Mecatrónica,10
Alonso,Cruz Fernández,32052378@sima.com,alonso123,Derecho,4
Diego,Flores Rojas,68159290@sima.com,diego123,Ingeniería de Sistemas e Informática,8
Ana,Paredes Silva,86342018@sima.com,ana123,Ingeniería Ambiental,3
José,Ramos Medina,53475924@sima.com,josé123,Tecnología Médica - Laboratorio Clínico y Anatomía Patológica,9
Carlos,Torres Díaz,93996292@sima.com,carlos123,Ingeniería Industrial,7
Andrea,Mendoza López,93682884@sima.com,andrea123,Ingeniería Empresarial,5
Sofía,Castillo Huamán,22071168@sima.com,sofía123,Ingeniería Industrial,10
Jorge,Cruz Fernández,80094115@sima.com,jorge123,Ingeniería Civil,7
Jorge,Cruz Fernández,88712248@sima.com,jorge123,Medicina Humana,8
Paula,Paredes Silva,27013326@sima.com,paula123,Arquitectura,1
Alonso,Paredes Silva,36260245@sima.com,alonso123,Tecnología Médica - Terapia Física y Rehabilitación,7
Fernando,Vargas Soto,47617790@sima.com,fernando123,Ingeniería de Minas,9
Luis,Quispe Mamani,85871159@sima.com,luis123,Ingeniería Mecánica,7
Paula,Mendoza López,30848860@sima.com,paula123,Ingeniería de Minas,10
José,Torres Díaz,79397114@sima.com,josé123,Tecnología Médica - Radiología,7
Ricardo,García Pérez,29365614@sima.com,ricardo123,Ingeniería Ambiental,10
Elena,Cruz Fernández,86297946@sima.com,elena123,Ingeniería de Minas,9
María,Flores Rojas,79587417@sima.com,maría123,Nutrición y Dietética,2
Valeria,Flores Rojas,28861141@sima.com,valeria123,Odontología,4
Paula,Quispe Mamani,97024929@sima.com,paula123,Tecnología Médica - Laboratorio Clínico y Anatomía Patológica,7
Lucía,Cruz Fernández,95654685@sima.com,lucía123,Tecnología Médica - Laboratorio Clínico y Anatomía Patológica,2
Paula,Flores Rojas,58772569@sima.com,paula123,Ingeniería Industrial,4
Ana,García Pérez,58387291@sima.com,ana123,Tecnología Médica - Terapia Física y Rehabilitación,8
Carlos,Paredes Silva,61848509@sima.com,carlos123,Odontología,2
Ana,García Pérez,72358651@sima.com,ana123,Ingeniería Civil,6
Fernando,Vargas Soto,81039868@sima.com,fernando123,Ingeniería de Sistemas e Informática,3
José,Flores Rojas,17720619@sima.com,josé123,Ingeniería Mecánica,6
Ricardo,Mendoza López,84641500@sima.com,ricardo123,Ingeniería de Sistemas e Informática,1
Miguel,Ramos Medina,41776220@sima.com,miguel123,Ingeniería Eléctrica,5
Fernando,Vargas Soto,99176364@sima.com,fernando123,Ingeniería Ambiental,3
Kevin,Castillo Huamán,70448337@sima.com,kevin123,Ingeniería Mecánica,4
Alonso,Vargas Soto,10132348@sima.com,alonso123,Tecnología Médica - Radiología,10
Daniela,Ramos Medina,83035263@sima.com,daniela123,Enfermería,6
Elena,Quispe Mamani,39122444@sima.com,elena123,Nutrición y Dietética,3
Luis,Paredes Silva,96999151@sima.com,luis123,Ciencias de la Comunicación,8
Kevin,García Pérez,61462125@sima.com,kevin123,Ingeniería Empresarial,6
Ana,Paredes Silva,21366911@sima.com,ana123,Ingeniería de Sistemas e Informática,8
Valeria,García Pérez,82712605@sima.com,valeria123,Farmacia y Bioquímica,7
Elena,Torres Díaz,95329874@sima.com,elena123,Ingeniería Industrial,5
Daniela,Cruz Fernández,50373973@sima.com,daniela123,Medicina Humana,4
José,García Pérez,69745961@sima.com,josé123,Tecnología Médica - Radiología,3
Lucía,Mendoza López,85623449@sima.com,lucía123,Derecho,10
Camila,Vargas Soto,73955473@sima.com,camila123,Tecnología Médica - Radiología,8
Sofía,Quispe Mamani,36513305@sima.com,sofía123,Ingeniería de Minas,7
José,Ramos Medina,61303441@sima.com,josé123,Tecnología Médica - Terapia Física y Rehabilitación,10
Ricardo,Ramos Medina,27578955@sima.com,ricardo123,Ingeniería de Sistemas e Informática,6
Andrea,García Pérez,94989900@sima.com,andrea123,Ingeniería Mecánica,9
Carlos,García Pérez,36688996@sima.com,carlos123,Tecnología Médica - Terapia Física y Rehabilitación,6
Ricardo,García Pérez,12112115@sima.com,ricardo123,Ingeniería Empresarial,10
Elena,Paredes Silva,87891022@sima.com,elena123,Nutrición y Dietética,7
Alonso,Vargas Soto,20824985@sima.com,alonso123,Ingeniería Mecánica,7
María,Paredes Silva,93765191@sima.com,maría123,Medicina Humana,5
Elena,Vargas Soto,44605095@sima.com,elena123,Medicina Humana,9
Paula,Mendoza López,10708933@sima.com,paula123,Ingeniería Empresarial,6
Alonso,Ramos Medina,21925568@sima.com,alonso123,Enfermería,7
Carlos,Castillo Huamán,96224258@sima.com,carlos123,Enfermería,1
Luis,Paredes Silva,46099025@sima.com,luis123,Arquitectura,8
Ana,Paredes Silva,68432986@sima.com,ana123,Derecho,7
Lucía,Quispe Mamani,97478254@sima.com,lucía123,Ingeniería Mecánica,7
Sofía,Torres Díaz,31225958@sima.com,sofía123,Tecnología Médica - Radiología,4
Lucía,Flores Rojas,16364381@sima.com,lucía123,Ciencias de la Comunicación,10
Andrea,García Pérez,15034550@sima.com,andrea123,Ingeniería de Sistemas e Informática,2
Ana,García Pérez,88627677@sima.com,ana123,Tecnología Médica - Laboratorio Clínico y Anatomía Patológica,1
Elena,Vargas Soto,91222066@sima.com,elena123,Ingeniería Ambiental,4
Sofía,García Pérez,57745907@sima.com,sofía123,Tecnología Médica - Laboratorio Clínico y Anatomía Patológica,7
Jorge,Cruz Fernández,30776116@sima.com,jorge123,Tecnología Médica - Laboratorio Clínico y Anatomía Patológica,4
Camila,Ramos Medina,50993517@sima.com,camila123,Ingeniería Civil,1
José,Paredes Silva,88370822@sima.com,josé123,Enfermería,8
Kevin,Mendoza López,37940636@sima.com,kevin123,Ingeniería Eléctrica,3
Diego,Paredes Silva,84012740@sima.com,diego123,Ingeniería Eléctrica,6
Sofía,Torres Díaz,90006461@sima.com,sofía123,Tecnología Médica - Radiología,10
Paula,Castillo Huamán,96785021@sima.com,paula123,Ciencias de la Comunicación,7
Paula,Cruz Fernández,63121662@sima.com,paula123,Nutrición y Dietética,2
Diego,Vargas Soto,76122872@sima.com,diego123,Nutrición y Dietética,4
Luis,Vargas Soto,28039925@sima.com,luis123,Tecnología Médica - Radiología,1
Miguel,García Pérez,13786634@sima.com,miguel123,Ciencias de la Comunicación,8
Luis,Castillo Huamán,67556221@sima.com,luis123,Ingeniería Industrial,10
Lucía,Torres Díaz,39583712@sima.com,lucía123,Ingeniería Ambiental,9
Ana,Mendoza López,23698960@sima.com,ana123,Ingeniería Civil,3
Daniela,Quispe Mamani,38708581@sima.com,daniela123,Ingeniería Eléctrica,7
Valeria,Paredes Silva,90286156@sima.com,valeria123,Medicina Humana,8
Ana,Mendoza López,12086496@sima.com,ana123,Ciencias de la Comunicación,6
Daniela,Mendoza López,10278872@sima.com,daniela123,Tecnología Médica - Laboratorio Clínico y Anatomía Patológica,10
Ana,Ramos Medina,22393201@sima.com,ana123,Ingeniería Eléctrica,3
Lucía,Cruz Fernández,11108666@sima.com,lucía123,Ingeniería Mecatrónica,10
Jorge,Mendoza López,38515329@sima.com,jorge123,Ingeniería Industrial,6
Jorge,Vargas Soto,38101517@sima.com,jorge123,Ingeniería de Sistemas e Informática,4
Kevin,García Pérez,34338134@sima.com,kevin123,Nutrición y Dietética,4
Lucía,Torres Díaz,34631034@sima.com,lucía123,Enfermería,4
Diego,Torres Díaz,36757080@sima.com,diego123,Ingeniería Industrial,9
Alonso,Cruz Fernández,81988325@sima.com,alonso123,Tecnología Médica - Laboratorio Clínico y Anatomía Patológica,4
Ricardo,Paredes Silva,32955434@sima.com,ricardo123,Enfermería,1
Miguel,Cruz Fernández,62069149@sima.com,miguel123,Ingeniería Civil,7
José,Torres Díaz,21579667@sima.com,josé123,Derecho,9
Jorge,Mendoza López,62846422@sima.com,jorge123,Ingeniería de Sistemas e Informática,8
Ricardo,Cruz Fernández,83788657@sima.com,ricardo123,Nutrición y Dietética,2
Diego,Torres Díaz,25168485@sima.com,diego123,Ingeniería Ambiental,4
Andrea,Ramos Medina,85648888@sima.com,andrea123,Ingeniería de Minas,10
Luis,Quispe Mamani,32324476@sima.com,luis123,Medicina Humana,2
Diego,Vargas Soto,25095216@sima.com,diego123,Ingeniería Mecánica,1
Daniela,Vargas Soto,10075059@sima.com,daniela123,Ciencias de la Comunicación,7
Camila,Torres Díaz,37743094@sima.com,camila123,Ingeniería Empresarial,9
Andrea,Vargas Soto,14499126@sima.com,andrea123,Ingeniería Ambiental,4
Andrea,García Pérez,11635115@sima.com,andrea123,Ingeniería Ambiental,9
Fernando,Mendoza López,73250511@sima.com,fernando123,Tecnología Médica - Radiología,7
Alonso,García Pérez,37140647@sima.com,alonso123,Ingeniería Empresarial,7
Sofía,Cruz Fernández,22704324@sima.com,sofía123,Derecho,5
Ana,Mendoza López,24658431@sima.com,ana123,Derecho,8
Elena,Castillo Huamán,14729301@sima.com,elena123,Tecnología Médica - Laboratorio Clínico y Anatomía Patológica,10
Alonso,Castillo Huamán,37241716@sima.com,alonso123,Derecho,1
Luis,Flores Rojas,11709601@sima.com,luis123,Derecho,2
Carlos,Vargas Soto,53857385@sima.com,carlos123,Ingeniería Industrial,7
Fernando,Mendoza López,47451847@sima.com,fernando123,Farmacia y Bioquímica,1
Andrea,Paredes Silva,45253760@sima.com,andrea123,Ingeniería Civil,8
Ana,Vargas Soto,55129608@sima.com,ana123,Ingeniería Eléctrica,8
Luis,Flores Rojas,49423250@sima.com,luis123,Arquitectura,1
Jorge,Vargas Soto,79019832@sima.com,jorge123,Ingeniería Mecatrónica,5
Andrea,García Pérez,68446152@sima.com,andrea123,Ingeniería Mecatrónica,7
Ricardo,Cruz Fernández,33130618@sima.com,ricardo123,Ingeniería Eléctrica,3
Sofía,Vargas Soto,13760936@sima.com,sofía123,Ingeniería Mecatrónica,3
Valeria,Vargas Soto,70241562@sima.com,valeria123,Tecnología Médica - Radiología,9
Daniela,Paredes Silva,94516010@sima.com,daniela123,Ingeniería Ambiental,5
Sofía,Paredes Silva,28028977@sima.com,sofía123,Ingeniería Civil,2
Carlos,Torres Díaz,93628759@sima.com,carlos123,Ingeniería Ambiental,7
Fernando,García Pérez,85632363@sima.com,fernando123,Ingeniería Empresarial,1
Fernando,Torres Díaz,78427331@sima.com,fernando123,Derecho,6
Valeria,Paredes Silva,22417887@sima.com,valeria123,Ciencias de la Comunicación,2
Diego,Castillo Huamán,71301371@sima.com,diego123,Odontología,9
Jorge,Castillo Huamán,44787314@sima.com,jorge123,Ingeniería Empresarial,7
Jorge,Quispe Mamani,88085895@sima.com,jorge123,Ingeniería Mecánica,9
Alonso,García Pérez,52977823@sima.com,alonso123,Ingeniería Industrial,10
Carlos,Paredes Silva,42367234@sima.com,carlos123,Ingeniería Industrial,7
Valeria,Mendoza López,51694933@sima.com,valeria123,Ingeniería Mecatrónica,5
Fernando,Castillo Huamán,69952965@sima.com,fernando123,Ingeniería de Minas,8
Sofía,García Pérez,99611858@sima.com,sofía123,Ingeniería Mecánica,7
Sofía,Quispe Mamani,45590376@sima.com,sofía123,Ingeniería Mecatrónica,3
María,Vargas Soto,64344236@sima.com,maría123,Ciencias de la Comunicación,8
Daniela,Torres Díaz,64434729@sima.com,daniela123,Tecnología Médica - Laboratorio Clínico y Anatomía Patológica,7
Paula,Ramos Medina,67078294@sima.com,paula123,Odontología,7
Ana,Paredes Silva,14115425@sima.com,ana123,Ingeniería Industrial,7
Luis,Torres Díaz,93871965@sima.com,luis123,Ingeniería de Minas,1
Ricardo,Vargas Soto,33409436@sima.com,ricardo123,Farmacia y Bioquímica,2
Sofía,Ramos Medina,83291556@sima.com,sofía123,Ingeniería de Sistemas e Informática,9
Camila,Castillo Huamán,57298321@sima.com,camila123,Medicina Humana,9
Ricardo,Vargas Soto,70302719@sima.com,ricardo123,Odontología,6
Sofía,Flores Rojas,89242785@sima.com,sofía123,Ingeniería Civil,8
Andrea,Paredes Silva,63445919@sima.com,andrea123,Farmacia y Bioquímica,1
Jorge,Vargas Soto,92665318@sima.com,jorge123,Ciencias de la Comunicación,10
Valeria,Vargas Soto,26997473@sima.com,valeria123,Tecnología Médica - Radiología,2
María,Vargas Soto,66213708@sima.com,maría123,Ciencias de la Comunicación,1
Lucía,Flores Rojas,91674916@sima.com,lucía123,Derecho,4
Luis,Flores Rojas,27406073@sima.com,luis123,Farmacia y Bioquímica,4
Daniela,Flores Rojas,42115570@sima.com,daniela123,Odontología,3
José,Flores Rojas,30499509@sima.com,josé123,Ingeniería de Minas,3
Kevin,Torres Díaz,57255676@sima.com,kevin123,Derecho,9
José,Quispe Mamani,33997739@sima.com,josé123,Ingeniería Eléctrica,1
Kevin,García Pérez,46565641@sima.com,kevin123,Ingeniería Mecatrónica,4
Miguel,Torres Díaz,26427044@sima.com,miguel123,Derecho,9
Ricardo,García Pérez,78232682@sima.com,ricardo123,Ingeniería de Minas,7
José,Flores Rojas,26036762@sima.com,josé123,Derecho,3
Camila,García Pérez,25205478@sima.com,camila123,Tecnología Médica - Laboratorio Clínico y Anatomía Patológica,7
Ricardo,Vargas Soto,10448926@sima.com,ricardo123,Ingeniería Industrial,8
María,Paredes Silva,64269493@sima.com,maría123,Tecnología Médica - Laboratorio Clínico y Anatomía Patológica,8
Ricardo,Torres Díaz,51235313@sima.com,ricardo123,Ingeniería Empresarial,4
Jorge,Torres Díaz,13218672@sima.com,jorge123,Farmacia y Bioquímica,10
Diego,Torres Díaz,29012831@sima.com,diego123,Ciencias de la Comunicación,2
José,Flores Rojas,36057411@sima.com,josé123,Odontología,1
Lucía,Vargas Soto,83920347@sima.com,lucía123,Ciencias de la Comunicación,4
María,Quispe Mamani,91036654@sima.com,maría123,Ingeniería Industrial,3
Luis,García Pérez,17137528@sima.com,luis123,Tecnología Médica - Radiología,1
Elena,Mendoza López,35574573@sima.com,elena123,Ingeniería Mecatrónica,8
Ana,Cruz Fernández,83539339@sima.com,ana123,Farmacia y Bioquímica,7
Ricardo,Quispe Mamani,85810484@sima.com,ricardo123,Ingeniería Civil,8
Paula,Vargas Soto,80480047@sima.com,paula123,Medicina Humana,9
Carlos,Vargas Soto,45793103@sima.com,carlos123,Ingeniería de Sistemas e Informática,7
Kevin,Vargas Soto,28587367@sima.com,kevin123,Ingeniería Eléctrica,7
Andrea,Cruz Fernández,76593054@sima.com,andrea123,Ciencias de la Comunicación,5
Luis,Paredes Silva,13200756@sima.com,luis123,Ingeniería Industrial,5
Daniela,García Pérez,44475219@sima.com,daniela123,Odontología,4
Valeria,Ramos Medina,23775014@sima.com,valeria123,Enfermería,2
María,Cruz Fernández,39294919@sima.com,maría123,Tecnología Médica - Laboratorio Clínico y Anatomía Patológica,1
Daniela,Cruz Fernández,34801252@sima.com,daniela123,Ingeniería Eléctrica,6
Paula,Vargas Soto,64423034@sima.com,paula123,Tecnología Médica - Laboratorio Clínico y Anatomía Patológica,1
José,Quispe Mamani,12218758@sima.com,josé123,Ingeniería de Sistemas e Informática,5
Kevin,Paredes Silva,65433908@sima.com,kevin123,Enfermería,7
Kevin,Ramos Medina,86422506@sima.com,kevin123,Odontología,7
Camila,Mendoza López,57675364@sima.com,camila123,Derecho,2
Sofía,Paredes Silva,74363491@sima.com,sofía123,Enfermería,5
María,Vargas Soto,66203095@sima.com,maría123,Ciencias de la Comunicación,8
Valeria,Castillo Huamán,58118464@sima.com,valeria123,Ingeniería Mecánica,6
José,Vargas Soto,66259065@sima.com,josé123,Farmacia y Bioquímica,1
Elena,Ramos Medina,69257122@sima.com,elena123,Ingeniería Industrial,5
Alonso,García Pérez,73067625@sima.com,alonso123,Ingeniería Ambiental,6
Diego,Mendoza López,57230375@sima.com,diego123,Ciencias de la Comunicación,1
Elena,Ramos Medina,54825556@sima.com,elena123,Nutrición y Dietética,6
Camila,Paredes Silva,63877519@sima.com,camila123,Nutrición y Dietética,6
María,Cruz Fernández,57319775@sima.com,maría123,Ingeniería de Minas,10
Paula,Flores Rojas,95208603@sima.com,paula123,Nutrición y Dietética,4
Valeria,Quispe Mamani,72246435@sima.com,valeria123,Enfermería,4
Valeria,Ramos Medina,37829137@sima.com,valeria123,Odontología,7
Lucía,Paredes Silva,27268781@sima.com,lucía123,Ingeniería Civil,5
Alonso,Torres Díaz,75013719@sima.com,alonso123,Ingeniería Industrial,1
Jorge,Quispe Mamani,73828369@sima.com,jorge123,Enfermería,5
María,Paredes Silva,14717812@sima.com,maría123,Tecnología Médica - Radiología,3
Jorge,Vargas Soto,63026144@sima.com,jorge123,Ingeniería Civil,7
Camila,García Pérez,94314267@sima.com,camila123,Nutrición y Dietética,1
Paula,Quispe Mamani,69830291@sima.com,paula123,Enfermería,10
Kevin,Castillo Huamán,75573127@sima.com,kevin123,Ingeniería Mecánica,1
Luis,Vargas Soto,65443220@sima.com,luis123,Ingeniería de Minas,6
Diego,Paredes Silva,81516123@sima.com,diego123,Ingeniería de Sistemas e Informática,6
Paula,Castillo Huamán,17453832@sima.com,paula123,Odontología,6
José,Castillo Huamán,26843957@sima.com,josé123,Enfermería,7
Diego,Cruz Fernández,26727057@sima.com,diego123,Tecnología Médica - Radiología,2
Ana,Torres Díaz,58374222@sima.com,ana123,Tecnología Médica - Laboratorio Clínico y Anatomía Patológica,9
Ricardo,Torres Díaz,20131201@sima.com,ricardo123,Arquitectura,4
Kevin,Cruz Fernández,51379566@sima.com,kevin123,Ingeniería Civil,9
Paula,Castillo Huamán,61024715@sima.com,paula123,Tecnología Médica - Radiología,3
Ricardo,Vargas Soto,19192576@sima.com,ricardo123,Nutrición y Dietética,1
Ana,García Pérez,20116194@sima.com,ana123,Ingeniería Ambiental,1
Luis,Quispe Mamani,21111442@sima.com,luis123,Nutrición y Dietética,1
Alonso,García Pérez,77701108@sima.com,alonso123,Medicina Humana,7
Luis,García Pérez,89892392@sima.com,luis123,Ingeniería Civil,3
Luis,Ramos Medina,30509183@sima.com,luis123,Nutrición y Dietética,6
Sofía,García Pérez,73311751@sima.com,sofía123,Tecnología Médica - Radiología,3
Alonso,Flores Rojas,28902146@sima.com,alonso123,Ingeniería Mecatrónica,1
Ana,Torres Díaz,91931834@sima.com,ana123,Ingeniería Civil,1
Diego,Castillo Huamán,72022248@sima.com,diego123,Ingeniería Ambiental,2
Miguel,Mendoza López,50465266@sima.com,miguel123,Ingeniería de Minas,1
Jorge,Vargas Soto,28674637@sima.com,jorge123,Ingeniería Ambiental,7
Alonso,Quispe Mamani,17450273@sima.com,alonso123,Farmacia y Bioquímica,3
Jorge,Paredes Silva,17265205@sima.com,jorge123,Arquitectura,8
Lucía,Paredes Silva,93304081@sima.com,lucía123,Ingeniería Mecánica,6
José,Flores Rojas,76370684@sima.com,josé123,Enfermería,1
Alonso,Vargas Soto,81387069@sima.com,alonso123,Ingeniería Civil,4
Ana,Torres Díaz,10137879@sima.com,ana123,Odontología,2
Alonso,Ramos Medina,75816215@sima.com,alonso123,Odontología,1
Elena,Castillo Huamán,88544814@sima.com,elena123,Medicina Humana,9
Lucía,García Pérez,95137162@sima.com,lucía123,Derecho,1
Jorge,García Pérez,15802555@sima.com,jorge123,Derecho,7
María,Vargas Soto,53831467@sima.com,maría123,Arquitectura,6
Lucía,García Pérez,99242573@sima.com,lucía123,Ingeniería de Sistemas e Informática,9
Alonso,Flores Rojas,96691424@sima.com,alonso123,Enfermería,6
Alonso,Paredes Silva,81595529@sima.com,alonso123,Ingeniería Industrial,9
Valeria,Vargas Soto,97598682@sima.com,valeria123,Ciencias de la Comunicación,10
Jorge,Paredes Silva,31290113@sima.com,jorge123,Medicina Humana,2
María,Flores Rojas,75034944@sima.com,maría123,Medicina Humana,4
Daniela,Torres Díaz,16736200@sima.com,daniela123,Ingeniería Empresarial,3
Daniela,Torres Díaz,41950655@sima.com,daniela123,Tecnología Médica - Radiología,6
Paula,Flores Rojas,40494986@sima.com,paula123,Enfermería,1
Ana,Paredes Silva,77978924@sima.com,ana123,Tecnología Médica - Radiología,1
Daniela,Flores Rojas,24319190@sima.com,daniela123,Ingeniería Industrial,5
Fernando,Ramos Medina,46274818@sima.com,fernando123,Enfermería,5
Elena,Quispe Mamani,84372717@sima.com,elena123,Odontología,1
Kevin,Flores Rojas,42499472@sima.com,kevin123,Ingeniería Eléctrica,9
Camila,Torres Díaz,92550967@sima.com,camila123,Ingeniería de Minas,10
Carlos,Torres Díaz,85694096@sima.com,carlos123,Ingeniería Industrial,10
Valeria,Castillo Huamán,77927600@sima.com,valeria123,Tecnología Médica - Laboratorio Clínico y Anatomía Patológica,4
María,Cruz Fernández,81045633@sima.com,maría123,Arquitectura,3
Sofía,Castillo Huamán,76002821@sima.com,sofía123,Ingeniería Civil,1
María,Cruz Fernández,65092420@sima.com,maría123,Derecho,5
Jorge,Castillo Huamán,81828801@sima.com,jorge123,Tecnología Médica - Laboratorio Clínico y Anatomía Patológica,5
Fernando,Mendoza López,29658862@sima.com,fernando123,Medicina Humana,7
Elena,Vargas Soto,14381650@sima.com,elena123,Ingeniería Industrial,9
Ana,García Pérez,10386375@sima.com,ana123,Farmacia y Bioquímica,2
Kevin,Cruz Fernández,28049048@sima.com,kevin123,Ingeniería de Sistemas e Informática,5
Lucía,García Pérez,13062259@sima.com,lucía123,Ingeniería Eléctrica,1
Paula,Ramos Medina,65593091@sima.com,paula123,Ingeniería de Minas,4
Daniela,Castillo Huamán,26008280@sima.com,daniela123,Ingeniería Empresarial,5
Ricardo,Paredes Silva,52242714@sima.com,ricardo123,Ingeniería Eléctrica,7
Kevin,Vargas Soto,69415176@sima.com,kevin123,Ingeniería de Minas,5
Fernando,Flores Rojas,24230212@sima.com,fernando123,Ingeniería de Sistemas e Informática,9
José,Paredes Silva,59043983@sima.com,josé123,Ingeniería Civil,6
Daniela,García Pérez,52817393@sima.com,daniela123,Ingeniería Mecánica,7
Elena,Mendoza López,48295764@sima.com,elena123,Enfermería,4
Diego,García Pérez,42926197@sima.com,diego123,Ingeniería de Sistemas e Informática,10
María,Quispe Mamani,64586749@sima.com,maría123,Ingeniería Empresarial,1
Jorge,Quispe Mamani,84959496@sima.com,jorge123,Ingeniería Mecánica,9
Kevin,Mendoza López,42977604@sima.com,kevin123,Ciencias de la Comunicación,8
Valeria,Castillo Huamán,15615695@sima.com,valeria123,Tecnología Médica - Terapia Física y Rehabilitación,9
Carlos,Quispe Mamani,20542086@sima.com,carlos123,Ingeniería de Minas,9
Elena,Paredes Silva,41038869@sima.com,elena123,Arquitectura,1
Elena,Quispe Mamani,73352383@sima.com,elena123,Enfermería,4
Camila,Paredes Silva,87416473@sima.com,camila123,Ingeniería Civil,7
Andrea,Ramos Medina,12993714@sima.com,andrea123,Enfermería,9
Elena,Vargas Soto,62936382@sima.com,elena123,Ciencias de la Comunicación,7
Carlos,Ramos Medina,58604129@sima.com,carlos123,Arquitectura,8
Jorge,Mendoza López,94604195@sima.com,jorge123,Ingeniería Mecatrónica,7
Elena,Castillo Huamán,74721904@sima.com,elena123,Ingeniería Industrial,9
Elena,Vargas Soto,61954817@sima.com,elena123,Ingeniería Empresarial,3
Kevin,Ramos Medina,75797229@sima.com,kevin123,Ingeniería de Minas,2
Camila,García Pérez,48385321@sima.com,camila123,Ingeniería Ambiental,9
Ana,Ramos Medina,15035001@sima.com,ana123,Farmacia y Bioquímica,10
Elena,García Pérez,21951230@sima.com,elena123,Tecnología Médica - Terapia Física y Rehabilitación,8
José,Quispe Mamani,45271025@sima.com,josé123,Ingeniería Empresarial,9
Paula,García Pérez,65754733@sima.com,paula123,Enfermería,2
Camila,Paredes Silva,90785533@sima.com,camila123,Arquitectura,10
Sofía,Quispe Mamani,93957564@sima.com,sofía123,Ingeniería Mecatrónica,8
María,Quispe Mamani,90464926@sima.com,maría123,Arquitectura,8
Ana,Castillo Huamán,23956002@sima.com,ana123,Ingeniería Civil,3
Valeria,Quispe Mamani,66245075@sima.com,valeria123,Ingeniería Mecatrónica,2
Valeria,Cruz Fernández,49120264@sima.com,valeria123,Ingeniería Industrial,1
Daniela,Mendoza López,17481362@sima.com,daniela123,Odontología,5
Camila,Castillo Huamán,52700695@sima.com,camila123,Odontología,2
Lucía,Ramos Medina,68742757@sima.com,lucía123,Ingeniería Ambiental,3
Ricardo,Ramos Medina,87426395@sima.com,ricardo123,Tecnología Médica - Laboratorio Clínico y Anatomía Patológica,4
Elena,Cruz Fernández,62481709@sima.com,elena123,Farmacia y Bioquímica,1
Elena,Paredes Silva,76069474@sima.com,elena123,Ciencias de la Comunicación,10
Valeria,García Pérez,28060763@sima.com,valeria123,Medicina Humana,4
Kevin,Mendoza López,18513792@sima.com,kevin123,Ingeniería Industrial,8
Jorge,Ramos Medina,82753550@sima.com,jorge123,Farmacia y Bioquímica,3
Diego,García Pérez,22293031@sima.com,diego123,Nutrición y Dietética,10
Carlos,Ramos Medina,37260684@sima.com,carlos123,Medicina Humana,7
Daniela,Ramos Medina,17310662@sima.com,daniela123,Tecnología Médica - Radiología,5
Paula,Quispe Mamani,29433149@sima.com,paula123,Arquitectura,1
Fernando,Mendoza López,48908998@sima.com,fernando123,Medicina Humana,7
Ana,García Pérez,93507559@sima.com,ana123,Medicina Humana,1
Andrea,Mendoza López,16276144@sima.com,andrea123,Derecho,10
Ana,Castillo Huamán,36461679@sima.com,ana123,Ingeniería Ambiental,1
Camila,Torres Díaz,54386416@sima.com,camila123,Ingeniería Empresarial,7
Ana,Torres Díaz,72249579@sima.com,ana123,Enfermería,10
José,Ramos Medina,39602594@sima.com,josé123,Ingeniería de Sistemas e Informática,10
María,Torres Díaz,46741658@sima.com,maría123,Ingeniería Civil,8
Lucía,Torres Díaz,16655001@sima.com,lucía123,Arquitectura,8
Carlos,Ramos Medina,53306647@sima.com,carlos123,Ingeniería Ambiental,3
Ricardo,García Pérez,40947523@sima.com,ricardo123,Tecnología Médica - Terapia Física y Rehabilitación,6
José,García Pérez,19194785@sima.com,josé123,Odontología,6
José,Flores Rojas,27689412@sima.com,josé123,Ingeniería de Sistemas e Informática,1
María,Flores Rojas,38256894@sima.com,maría123,Tecnología Médica - Radiología,3
Alonso,Cruz Fernández,48242549@sima.com,alonso123,Ciencias de la Comunicación,4
María,Cruz Fernández,68694929@sima.com,maría123,Derecho,1
Ricardo,Cruz Fernández,50494199@sima.com,ricardo123,Odontología,1
Fernando,Torres Díaz,55430754@sima.com,fernando123,Ingeniería Industrial,3
Jorge,Torres Díaz,86994473@sima.com,jorge123,Tecnología Médica - Laboratorio Clínico y Anatomía Patológica,3
Jorge,Ramos Medina,46274912@sima.com,jorge123,Ciencias de la Comunicación,4
Miguel,Quispe Mamani,36970030@sima.com,miguel123,Arquitectura,1
Alonso,Castillo Huamán,14909287@sima.com,alonso123,Derecho,5
Camila,Cruz Fernández,46133019@sima.com,camila123,Ingeniería Eléctrica,10
Sofía,García Pérez,68618299@sima.com,sofía123,Derecho,1
Andrea,Vargas Soto,93291701@sima.com,andrea123,Tecnología Médica - Radiología,3
Sofía,Paredes Silva,51567819@sima.com,sofía123,Arquitectura,8
Kevin,Castillo Huamán,50002591@sima.com,kevin123,Ingeniería Industrial,2
Elena,Torres Díaz,63389129@sima.com,elena123,Ingeniería Eléctrica,7
Miguel,Castillo Huamán,56111751@sima.com,miguel123,Odontología,10
Ricardo,Quispe Mamani,41552782@sima.com,ricardo123,Ingeniería Ambiental,7
Sofía,Paredes Silva,85934157@sima.com,sofía123,Ingeniería Mecatrónica,9
Sofía,Castillo Huamán,68291014@sima.com,sofía123,Ingeniería Mecatrónica,10
Miguel,Cruz Fernández,10589950@sima.com,miguel123,Medicina Humana,9
Camila,García Pérez,49050207@sima.com,camila123,Ingeniería Eléctrica,7
Carlos,Mendoza López,37486658@sima.com,carlos123,Nutrición y Dietética,1
Paula,Vargas Soto,41943726@sima.com,paula123,Farmacia y Bioquímica,10
Carlos,Quispe Mamani,91632440@sima.com,carlos123,Ingeniería Industrial,10
Luis,García Pérez,93725127@sima.com,luis123,Tecnología Médica - Laboratorio Clínico y Anatomía Patológica,7
Ana,Vargas Soto,73815041@sima.com,ana123,Arquitectura,10
Kevin,Paredes Silva,69773159@sima.com,kevin123,Ingeniería Eléctrica,3
Sofía,García Pérez,74652207@sima.com,sofía123,Enfermería,5
Paula,Castillo Huamán,92532430@sima.com,paula123,Ingeniería Mecatrónica,6
Andrea,Torres Díaz,26365366@sima.com,andrea123,Ingeniería Civil,7
Diego,Vargas Soto,46068690@sima.com,diego123,Ingeniería de Sistemas e Informática,6
Alonso,Mendoza López,36464749@sima.com,alonso123,Tecnología Médica - Radiología,2
Daniela,Vargas Soto,13296256@sima.com,daniela123,Ingeniería Industrial,10
Kevin,Ramos Medina,52156991@sima.com,kevin123,Enfermería,2
Ricardo,Mendoza López,72857081@sima.com,ricardo123,Enfermería,7
Daniela,Flores Rojas,92402127@sima.com,daniela123,Ingeniería de Sistemas e Informática,1
Valeria,Vargas Soto,62266406@sima.com,valeria123,Arquitectura,9
Diego,García Pérez,11880417@sima.com,diego123,Medicina Humana,4
Ana,Flores Rojas,98333082@sima.com,ana123,Ingeniería de Minas,4
Ricardo,Cruz Fernández,86924603@sima.com,ricardo123,Farmacia y Bioquímica,9
Miguel,Vargas Soto,64154436@sima.com,miguel123,Nutrición y Dietética,2
Elena,Castillo Huamán,13970652@sima.com,elena123,Ingeniería Ambiental,2
Miguel,Torres Díaz,60316688@sima.com,miguel123,Tecnología Médica - Terapia Física y Rehabilitación,4
Elena,Ramos Medina,13283852@sima.com,elena123,Enfermería,5
Paula,Flores Rojas,43551628@sima.com,paula123,Ciencias de la Comunicación,9
Paula,Torres Díaz,77783301@sima.com,paula123,Ingeniería de Sistemas e Informática,10
Valeria,Quispe Mamani,74635246@sima.com,valeria123,Nutrición y Dietética,9
Ana,Paredes Silva,66295357@sima.com,ana123,Farmacia y Bioquímica,9
Ana,Mendoza López,15727445@sima.com,ana123,Ingeniería de Sistemas e Informática,9
Luis,Mendoza López,85402189@sima.com,luis123,Medicina Humana,5
Ricardo,Cruz Fernández,16746299@sima.com,ricardo123,Odontología,1
Carlos,García Pérez,75243867@sima.com,carlos123,Arquitectura,5
Daniela,García Pérez,63939462@sima.com,daniela123,Arquitectura,5
Andrea,Vargas Soto,12649103@sima.com,andrea123,Tecnología Médica - Laboratorio Clínico y Anatomía Patológica,4
Paula,Vargas Soto,57182580@sima.com,paula123,Ingeniería de Sistemas e Informática,6
Sofía,García Pérez,65722984@sima.com,sofía123,Ingeniería Civil,8
Fernando,Quispe Mamani,22097159@sima.com,fernando123,Ingeniería Mecatrónica,5
Carlos,Quispe Mamani,92114407@sima.com,carlos123,Arquitectura,10
Camila,García Pérez,33235887@sima.com,camila123,Ingeniería de Sistemas e Informática,8
Sofía,Cruz Fernández,43049677@sima.com,sofía123,Nutrición y Dietética,6
José,Torres Díaz,46990283@sima.com,josé123,Arquitectura,8
Luis,Mendoza López,76717179@sima.com,luis123,Medicina Humana,5
Daniela,Quispe Mamani,29936398@sima.com,daniela123,Medicina Humana,7
Andrea,Torres Díaz,72181823@sima.com,andrea123,Ciencias de la Comunicación,8
Kevin,Flores Rojas,31648285@sima.com,kevin123,Ingeniería Mecatrónica,7
Jorge,Ramos Medina,26544838@sima.com,jorge123,Derecho,1
Jorge,Cruz Fernández,11736735@sima.com,jorge123,Ingeniería de Minas,8
Valeria,Flores Rojas,38761103@sima.com,valeria123,Arquitectura,4
Miguel,García Pérez,53082500@sima.com,miguel123,Enfermería,7
María,Torres Díaz,19341483@sima.com,maría123,Ingeniería Eléctrica,1
Elena,Ramos Medina,61650226@sima.com,elena123,Ingeniería Eléctrica,10
Camila,Ramos Medina,54151876@sima.com,camila123,Ingeniería de Minas,6
Luis,Torres Díaz,18782720@sima.com,luis123,Derecho,8
Jorge,Ramos Medina,55102669@sima.com,jorge123,Medicina Humana,5
Daniela,Flores Rojas,12787573@sima.com,daniela123,Enfermería,10
Miguel,Castillo Huamán,29267291@sima.com,miguel123,Arquitectura,9
Miguel,Quispe Mamani,59701290@sima.com,miguel123,Tecnología Médica - Radiología,10
Fernando,Vargas Soto,72471649@sima.com,fernando123,Tecnología Médica - Laboratorio Clínico y Anatomía Patológica,10
Diego,Torres Díaz,70742223@sima.com,diego123,Ingeniería Mecatrónica,1
Ana,Vargas Soto,20023446@sima.com,ana123,Ingeniería Eléctrica,5
Elena,Vargas Soto,17404902@sima.com,elena123,Tecnología Médica - Terapia Física y Rehabilitación,7
Daniela,Mendoza López,97433472@sima.com,daniela123,Derecho,5
Camila,Mendoza López,44962931@sima.com,camila123,Arquitectura,6
Elena,Mendoza López,64071507@sima.com,elena123,Ingeniería Mecatrónica,7
Lucía,Flores Rojas,18412935@sima.com,lucía123,Ingeniería Mecánica,3
Camila,Ramos Medina,88772740@sima.com,camila123,Derecho,5
Miguel,Flores Rojas,86250762@sima.com,miguel123,Odontología,3
Sofía,Cruz Fernández,69856934@sima.com,sofía123,Ingeniería Eléctrica,9
Valeria,Quispe Mamani,31793360@sima.com,valeria123,Ingeniería Mecánica,5
Diego,Castillo Huamán,60975311@sima.com,diego123,Ingeniería Mecatrónica,2
Diego,Flores Rojas,47064523@sima.com,diego123,Odontología,5
Diego,Vargas Soto,62023948@sima.com,diego123,Ingeniería Eléctrica,8
Ana,García Pérez,42147548@sima.com,ana123,Farmacia y Bioquímica,9
Daniela,Torres Díaz,63271261@sima.com,daniela123,Tecnología Médica - Radiología,7
Luis,Ramos Medina,97796053@sima.com,luis123,Ingeniería Civil,2
Jorge,Cruz Fernández,35389617@sima.com,jorge123,Ingeniería Ambiental,6
Daniela,Quispe Mamani,58413495@sima.com,daniela123,Tecnología Médica - Laboratorio Clínico y Anatomía Patológica,10
Luis,Flores Rojas,24967165@sima.com,luis123,Arquitectura,9
Camila,Flores Rojas,23490516@sima.com,camila123,Derecho,5
Alonso,García Pérez,38278024@sima.com,alonso123,Tecnología Médica - Terapia Física y Rehabilitación,1
María,Torres Díaz,55734079@sima.com,maría123,Ingeniería de Sistemas e Informática,8
María,García Pérez,79359588@sima.com,maría123,Odontología,7
Andrea,Cruz Fernández,15666933@sima.com,andrea123,Tecnología Médica - Radiología,5
Camila,García Pérez,63701461@sima.com,camila123,Ingeniería Civil,2
José,Castillo Huamán,92694307@sima.com,josé123,Ingeniería Industrial,2
Ricardo,Ramos Medina,21559467@sima.com,ricardo123,Ingeniería Civil,2
Miguel,Mendoza López,81382704@sima.com,miguel123,Enfermería,6
Luis,García Pérez,61552419@sima.com,luis123,Ingeniería Eléctrica,8
Jorge,Ramos Medina,25162552@sima.com,jorge123,Odontología,5
Camila,Quispe Mamani,84161853@sima.com,camila123,Odontología,2
Camila,Quispe Mamani,38835341@sima.com,camila123,Ingeniería Eléctrica,1
Valeria,Cruz Fernández,79192356@sima.com,valeria123,Ingeniería de Sistemas e Informática,8
Diego,Mendoza López,26110188@sima.com,diego123,Ingeniería Ambiental,2
Fernando,Flores Rojas,34845545@sima.com,fernando123,Ingeniería Mecánica,4
Diego,Mendoza López,43648254@sima.com,diego123,Tecnología Médica - Radiología,6
Elena,García Pérez,72475425@sima.com,elena123,Medicina Humana,3
María,Ramos Medina,40299951@sima.com,maría123,Ingeniería Ambiental,10
Carlos,Flores Rojas,49404778@sima.com,carlos123,Ingeniería Industrial,1
Camila,Ramos Medina,99053970@sima.com,camila123,Ingeniería de Sistemas e Informática,5
Valeria,Vargas Soto,27007094@sima.com,valeria123,Nutrición y Dietética,4
Alonso,Vargas Soto,67077788@sima.com,alonso123,Derecho,2
Jorge,Torres Díaz,22695406@sima.com,jorge123,Ingeniería Civil,9
Diego,Mendoza López,40388733@sima.com,diego123,Arquitectura,8
Andrea,Flores Rojas,82870231@sima.com,andrea123,Arquitectura,10
Elena,Ramos Medina,76805819@sima.com,elena123,Enfermería,8
Miguel,Flores Rojas,10867314@sima.com,miguel123,Derecho,7
Daniela,Torres Díaz,66494388@sima.com,daniela123,Ingeniería Eléctrica,8
Daniela,García Pérez,75140099@sima.com,daniela123,Ingeniería Eléctrica,9
Diego,Torres Díaz,12233529@sima.com,diego123,Enfermería,4
Fernando,Flores Rojas,84710517@sima.com,fernando123,Ingeniería Empresarial,10
Lucía,Cruz Fernández,61935649@sima.com,lucía123,Ingeniería Ambiental,3
Paula,García Pérez,17835265@sima.com,paula123,Ingeniería Mecánica,9
Alonso,Ramos Medina,25519527@sima.com,alonso123,Arquitectura,9
Alonso,Torres Díaz,37965337@sima.com,alonso123,Derecho,8
Camila,Paredes Silva,81809564@sima.com,camila123,Tecnología Médica - Laboratorio Clínico y Anatomía Patológica,5
Miguel,Castillo Huamán,56355752@sima.com,miguel123,Nutrición y Dietética,7
Paula,Mendoza López,89622252@sima.com,paula123,Enfermería,7
Ricardo,Paredes Silva,37070877@sima.com,ricardo123,Ingeniería de Sistemas e Informática,8
Elena,Paredes Silva,85343730@sima.com,elena123,Farmacia y Bioquímica,7
Carlos,Quispe Mamani,69925822@sima.com,carlos123,Ingeniería Empresarial,8
Paula,García Pérez,11874897@sima.com,paula123,Ciencias de la Comunicación,10
Elena,Cruz Fernández,79138461@sima.com,elena123,Ingeniería Empresarial,6
Andrea,Flores Rojas,83471637@sima.com,andrea123,Derecho,8
Jorge,Mendoza López,98051846@sima.com,jorge123,Ingeniería de Sistemas e Informática,5
José,García Pérez,82418498@sima.com,josé123,Ingeniería Eléctrica,10
Miguel,Mendoza López,84574046@sima.com,miguel123,Medicina Humana,9
Sofía,García Pérez,50671595@sima.com,sofía123,Farmacia y Bioquímica,8
Alonso,Paredes Silva,42199548@sima.com,alonso123,Ingeniería de Minas,6
Miguel,Quispe Mamani,40280520@sima.com,miguel123,Odontología,8
Alonso,Torres Díaz,68568547@sima.com,alonso123,Ingeniería de Sistemas e Informática,10
Valeria,Ramos Medina,13263173@sima.com,valeria123,Odontología,7
Jorge,Mendoza López,13685157@sima.com,jorge123,Ingeniería de Sistemas e Informática,1
Ricardo,Flores Rojas,38302119@sima.com,ricardo123,Farmacia y Bioquímica,2
Ricardo,Vargas Soto,37178002@sima.com,ricardo123,Ingeniería Civil,3
Andrea,Flores Rojas,45718611@sima.com,andrea123,Ingeniería de Sistemas e Informática,6
Camila,García Pérez,29524689@sima.com,camila123,Odontología,4
Ricardo,Cruz Fernández,74483262@sima.com,ricardo123,Ingeniería Mecánica,3
Jorge,García Pérez,25362655@sima.com,jorge123,Medicina Humana,6
Fernando,Cruz Fernández,88379230@sima.com,fernando123,Ingeniería Eléctrica,8
Fernando,Cruz Fernández,67205432@sima.com,fernando123,Ingeniería de Minas,1
Elena,Vargas Soto,70749851@sima.com,elena123,Ingeniería Industrial,2
Elena,Torres Díaz,89172435@sima.com,elena123,Enfermería,7
Paula,Torres Díaz,70842378@sima.com,paula123,Ingeniería Eléctrica,4
Paula,Ramos Medina,64507632@sima.com,paula123,Ingeniería Ambiental,2
Valeria,Mendoza López,97046903@sima.com,valeria123,Ingeniería Civil,3
Carlos,Mendoza López,22430501@sima.com,carlos123,Ingeniería Civil,9
Ana,Castillo Huamán,94521466@sima.com,ana123,Ingeniería Empresarial,2
Miguel,Torres Díaz,87749780@sima.com,miguel123,Medicina Humana,9
Kevin,Paredes Silva,72859869@sima.com,kevin123,Ingeniería Industrial,9
Ricardo,Flores Rojas,79895389@sima.com,ricardo123,Arquitectura,5
Ricardo,Mendoza López,22111520@sima.com,ricardo123,Ingeniería Ambiental,7
Sofía,Paredes Silva,91153355@sima.com,sofía123,Ingeniería Industrial,5
Andrea,García Pérez,98045600@sima.com,andrea123,Enfermería,6
Valeria,Quispe Mamani,63164117@sima.com,valeria123,Ingeniería Industrial,10
Ana,Torres Díaz,13173871@sima.com,ana123,Tecnología Médica - Laboratorio Clínico y Anatomía Patológica,4
Lucía,Vargas Soto,84828695@sima.com,lucía123,Ingeniería de Minas,5
Luis,Flores Rojas,85290158@sima.com,luis123,Ingeniería Industrial,5
Valeria,Quispe Mamani,39655677@sima.com,valeria123,Ingeniería Industrial,3
Sofía,Vargas Soto,20355612@sima.com,sofía123,Derecho,5
Miguel,Ramos Medina,56583497@sima.com,miguel123,Ingeniería Empresarial,5
Kevin,Vargas Soto,56026428@sima.com,kevin123,Ingeniería de Minas,1
Fernando,Mendoza López,89811127@sima.com,fernando123,Odontología,1
Diego,García Pérez,52139870@sima.com,diego123,Ingeniería Ambiental,4
Andrea,Torres Díaz,47153871@sima.com,andrea123,Ciencias de la Comunicación,8
Miguel,Torres Díaz,52729956@sima.com,miguel123,Ingeniería Empresarial,2
Miguel,Cruz Fernández,60749544@sima.com,miguel123,Ingeniería de Minas,8
Alonso,Paredes Silva,62730119@sima.com,alonso123,Tecnología Médica - Terapia Física y Rehabilitación,7
Elena,García Pérez,82051893@sima.com,elena123,Medicina Humana,6
Alonso,Quispe Mamani,70036977@sima.com,alonso123,Ingeniería Ambiental,2
Lucía,Cruz Fernández,49282640@sima.com,lucía123,Ingeniería Ambiental,9
Jorge,Vargas Soto,57890329@sima.com,jorge123,Ingeniería de Minas,2
Miguel,Flores Rojas,97163183@sima.com,miguel123,Ingeniería Civil,8
Andrea,Torres Díaz,21873718@sima.com,andrea123,Ingeniería de Minas,1
Diego,Vargas Soto,34789637@sima.com,diego123,Farmacia y Bioquímica,7
Ricardo,Torres Díaz,16496105@sima.com,ricardo123,Farmacia y Bioquímica,6
Luis,Cruz Fernández,45838241@sima.com,luis123,Ciencias de la Comunicación,1
Miguel,Quispe Mamani,30021891@sima.com,miguel123,Ingeniería Mecatrónica,10
José,Castillo Huamán,84085485@sima.com,josé123,Ingeniería Ambiental,4
Alonso,García Pérez,29722556@sima.com,alonso123,Enfermería,3
Ricardo,Torres Díaz,30706093@sima.com,ricardo123,Tecnología Médica - Terapia Física y Rehabilitación,2
Daniela,Mendoza López,98796381@sima.com,daniela123,Ingeniería Empresarial,10
Elena,Paredes Silva,30833844@sima.com,elena123,Farmacia y Bioquímica,10
Lucía,Paredes Silva,54745285@sima.com,lucía123,Tecnología Médica - Radiología,9
Ricardo,García Pérez,16971195@sima.com,ricardo123,Derecho,3
Camila,Vargas Soto,51849069@sima.com,camila123,Ingeniería Mecatrónica,8
Sofía,Quispe Mamani,81917845@sima.com,sofía123,Ingeniería Industrial,8
Valeria,Castillo Huamán,54158033@sima.com,valeria123,Ingeniería Mecatrónica,8
Alonso,Castillo Huamán,20195771@sima.com,alonso123,Odontología,3
Elena,Castillo Huamán,56441197@sima.com,elena123,Tecnología Médica - Laboratorio Clínico y Anatomía Patológica,9
María,Torres Díaz,60513019@sima.com,maría123,Ciencias de la Comunicación,1
Camila,García Pérez,72750999@sima.com,camila123,Ingeniería Industrial,5
Carlos,Ramos Medina,50335032@sima.com,carlos123,Ingeniería de Minas,8
Daniela,Mendoza López,22562996@sima.com,daniela123,Medicina Humana,7
Daniela,Castillo Huamán,62670366@sima.com,daniela123,Ingeniería Ambiental,6
Diego,Quispe Mamani,26675651@sima.com,diego123,Ciencias de la Comunicación,5
Elena,Mendoza López,45505713@sima.com,elena123,Tecnología Médica - Laboratorio Clínico y Anatomía Patológica,8
Elena,Quispe Mamani,49253591@sima.com,elena123,Farmacia y Bioquímica,6
Elena,Ramos Medina,26451261@sima.com,elena123,Ingeniería Ambiental,1
Sofía,Castillo Huamán,44734059@sima.com,sofía123,Ingeniería de Minas,4
Andrea,Castillo Huamán,23145659@sima.com,andrea123,Ingeniería Civil,7
Luis,Torres Díaz,75667898@sima.com,luis123,Derecho,3
Alonso,Quispe Mamani,63650439@sima.com,alonso123,Ingeniería Industrial,5
Elena,Torres Díaz,86538292@sima.com,elena123,Ingeniería Mecatrónica,2
Daniela,Paredes Silva,23243301@sima.com,daniela123,Tecnología Médica - Radiología,1
Camila,Vargas Soto,97370042@sima.com,camila123,Ingeniería Industrial,10
María,Flores Rojas,22820809@sima.com,maría123,Ingeniería Industrial,9
Diego,García Pérez,55195671@sima.com,diego123,Ingeniería Ambiental,6
Miguel,Quispe Mamani,76025216@sima.com,miguel123,Tecnología Médica - Radiología,10
Fernando,Ramos Medina,21804110@sima.com,fernando123,Enfermería,5
Paula,Vargas Soto,53228001@sima.com,paula123,Enfermería,1
Ricardo,Cruz Fernández,30305025@sima.com,ricardo123,Nutrición y Dietética,2
Diego,Paredes Silva,95498232@sima.com,diego123,Ingeniería Mecánica,1
Luis,Quispe Mamani,38649902@sima.com,luis123,Ingeniería Mecánica,8
Kevin,Castillo Huamán,55509219@sima.com,kevin123,Derecho,9
Diego,García Pérez,42934785@sima.com,diego123,Odontología,3
Carlos,Cruz Fernández,60428640@sima.com,carlos123,Tecnología Médica - Laboratorio Clínico y Anatomía Patológica,4
Alonso,Cruz Fernández,84937846@sima.com,alonso123,Ingeniería Industrial,2
Camila,Vargas Soto,23108171@sima.com,camila123,Ingeniería Mecánica,6
Alonso,Vargas Soto,30484465@sima.com,alonso123,Ciencias de la Comunicación,8
Alonso,Paredes Silva,51414045@sima.com,alonso123,Nutrición y Dietética,10
Luis,Quispe Mamani,93595617@sima.com,luis123,Ingeniería de Sistemas e Informática,6
Diego,Torres Díaz,95942428@sima.com,diego123,Ingeniería Civil,3
José,Quispe Mamani,81907912@sima.com,josé123,Odontología,4
María,Mendoza López,58559988@sima.com,maría123,Ingeniería de Minas,4
Miguel,Cruz Fernández,87274896@sima.com,miguel123,Nutrición y Dietética,1
Carlos,Flores Rojas,30968121@sima.com,carlos123,Derecho,9
Carlos,Ramos Medina,19514954@sima.com,carlos123,Ingeniería de Minas,4
Andrea,Quispe Mamani,74617197@sima.com,andrea123,Ingeniería de Minas,3
Andrea,Quispe Mamani,42510504@sima.com,andrea123,Ingeniería Mecánica,3
Elena,García Pérez,70528275@sima.com,elena123,Arquitectura,2
Alonso,Flores Rojas,10519747@sima.com,alonso123,Ingeniería Civil,10
Ana,García Pérez,19562991@sima.com,ana123,Ingeniería Mecatrónica,8
Camila,Ramos Medina,45667550@sima.com,camila123,Medicina Humana,2
Ricardo,Cruz Fernández,31708097@sima.com,ricardo123,Medicina Humana,6
Miguel,Vargas Soto,99947080@sima.com,miguel123,Ingeniería Eléctrica,8
Ana,Mendoza López,98256393@sima.com,ana123,Ingeniería Mecánica,7
Diego,Ramos Medina,98885601@sima.com,diego123,Ingeniería Mecatrónica,2
Daniela,Castillo Huamán,81790976@sima.com,daniela123,Odontología,1
Carlos,Ramos Medina,82053697@sima.com,carlos123,Farmacia y Bioquímica,3
Ricardo,Flores Rojas,80270726@sima.com,ricardo123,Ingeniería Civil,8
Luis,Ramos Medina,61766831@sima.com,luis123,Ingeniería Ambiental,9
Paula,García Pérez,96882555@sima.com,paula123,Ingeniería Industrial,10
Ricardo,Flores Rojas,14555182@sima.com,ricardo123,Arquitectura,9
Alonso,Torres Díaz,84523823@sima.com,alonso123,Ingeniería Empresarial,4
Valeria,Flores Rojas,49906863@sima.com,valeria123,Arquitectura,3
Jorge,Cruz Fernández,85040927@sima.com,jorge123,Ingeniería Mecatrónica,10
Diego,García Pérez,58261256@sima.com,diego123,Ingeniería Eléctrica,6
Jorge,Paredes Silva,90479669@sima.com,jorge123,Farmacia y Bioquímica,4
Fernando,Flores Rojas,53419395@sima.com,fernando123,Tecnología Médica - Terapia Física y Rehabilitación,4
Carlos,Ramos Medina,73665133@sima.com,carlos123,Ingeniería Civil,10
Daniela,Vargas Soto,99596404@sima.com,daniela123,Nutrición y Dietética,4
Valeria,Quispe Mamani,33146164@sima.com,valeria123,Ingeniería de Sistemas e Informática,4
Jorge,Ramos Medina,46834480@sima.com,jorge123,Odontología,5
María,Castillo Huamán,79971851@sima.com,maría123,Ingeniería Civil,6
José,Ramos Medina,75399025@sima.com,josé123,Tecnología Médica - Terapia Física y Rehabilitación,3
Elena,Flores Rojas,30814524@sima.com,elena123,Enfermería,3
Ricardo,Cruz Fernández,73934388@sima.com,ricardo123,Enfermería,6
Camila,Paredes Silva,66615831@sima.com,camila123,Tecnología Médica - Laboratorio Clínico y Anatomía Patológica,3
Kevin,Quispe Mamani,55960595@sima.com,kevin123,Ingeniería de Sistemas e Informática,3
María,Vargas Soto,22867649@sima.com,maría123,Farmacia y Bioquímica,6
Luis,Vargas Soto,97296540@sima.com,luis123,Ingeniería Empresarial,5
Diego,Ramos Medina,85020430@sima.com,diego123,Ingeniería Mecatrónica,1
Kevin,Mendoza López,42161988@sima.com,kevin123,Nutrición y Dietética,7
Camila,Paredes Silva,77179618@sima.com,camila123,Ingeniería Empresarial,1
Camila,Ramos Medina,27072324@sima.com,camila123,Ingeniería Industrial,2
Valeria,Flores Rojas,56462082@sima.com,valeria123,Ciencias de la Comunicación,10
Valeria,Cruz Fernández,71332026@sima.com,valeria123,Odontología,5
Valeria,García Pérez,45892078@sima.com,valeria123,Tecnología Médica - Terapia Física y Rehabilitación,6
Ricardo,Quispe Mamani,93628723@sima.com,ricardo123,Tecnología Médica - Terapia Física y Rehabilitación,8
María,Torres Díaz,27269456@sima.com,maría123,Arquitectura,4
Ana,García Pérez,38074098@sima.com,ana123,Odontología,8
Alonso,Ramos Medina,32066611@sima.com,alonso123,Ingeniería Eléctrica,1
Andrea,Cruz Fernández,91302214@sima.com,andrea123,Ciencias de la Comunicación,3
Valeria,García Pérez,73151592@sima.com,valeria123,Ciencias de la Comunicación,4
José,Flores Rojas,66560114@sima.com,josé123,Ingeniería Industrial,7
Jorge,Vargas Soto,64248407@sima.com,jorge123,Tecnología Médica - Terapia Física y Rehabilitación,1
Miguel,Torres Díaz,68224489@sima.com,miguel123,Farmacia y Bioquímica,10
Daniela,Castillo Huamán,35560550@sima.com,daniela123,Medicina Humana,1
María,Vargas Soto,36025442@sima.com,maría123,Medicina Humana,7
Paula,Quispe Mamani,37603381@sima.com,paula123,Tecnología Médica - Laboratorio Clínico y Anatomía Patológica,1
Andrea,Paredes Silva,43837612@sima.com,andrea123,Arquitectura,8
Diego,García Pérez,97751830@sima.com,diego123,Medicina Humana,7
Paula,Quispe Mamani,29105777@sima.com,paula123,Farmacia y Bioquímica,9
Carlos,Castillo Huamán,26899100@sima.com,carlos123,Ingeniería de Minas,8
José,Paredes Silva,20659072@sima.com,josé123,Enfermería,7
Alonso,Cruz Fernández,47073308@sima.com,alonso123,Arquitectura,5
Lucía,Vargas Soto,12881416@sima.com,lucía123,Ingeniería de Minas,2
José,García Pérez,26767574@sima.com,josé123,Ingeniería de Minas,3
Diego,Castillo Huamán,57645316@sima.com,diego123,Ingeniería Ambiental,5
Camila,Quispe Mamani,55154657@sima.com,camila123,Tecnología Médica - Terapia Física y Rehabilitación,4
José,Torres Díaz,80515616@sima.com,josé123,Ingeniería Eléctrica,3
Andrea,Castillo Huamán,35536145@sima.com,andrea123,Ingeniería Ambiental,4
Daniela,Quispe Mamani,20025968@sima.com,daniela123,Derecho,9
Valeria,Ramos Medina,52032367@sima.com,valeria123,Derecho,9
Diego,Cruz Fernández,38041603@sima.com,diego123,Ingeniería de Sistemas e Informática,5
Diego,Paredes Silva,45992696@sima.com,diego123,Tecnología Médica - Radiología,4
Daniela,Flores Rojas,36000057@sima.com,daniela123,Ingeniería Eléctrica,1
Fernando,Quispe Mamani,37343521@sima.com,fernando123,Medicina Humana,2
Alonso,Castillo Huamán,81106885@sima.com,alonso123,Ingeniería de Sistemas e Informática,4
Diego,Ramos Medina,95546955@sima.com,diego123,Ingeniería Civil,5
Lucía,Quispe Mamani,31036378@sima.com,lucía123,Derecho,10
Diego,Mendoza López,22580324@sima.com,diego123,Tecnología Médica - Terapia Física y Rehabilitación,10
Diego,Vargas Soto,63913365@sima.com,diego123,Tecnología Médica - Radiología,1
Carlos,García Pérez,47490136@sima.com,carlos123,Ingeniería de Minas,10
Miguel,Mendoza López,56135522@sima.com,miguel123,Tecnología Médica - Laboratorio Clínico y Anatomía Patológica,4
Andrea,Quispe Mamani,41922301@sima.com,andrea123,Medicina Humana,10
Miguel,García Pérez,95956533@sima.com,miguel123,Ciencias de la Comunicación,9
José,Paredes Silva,73984065@sima.com,josé123,Derecho,9
Carlos,Vargas Soto,87609975@sima.com,carlos123,Derecho,1
Alonso,Paredes Silva,91387687@sima.com,alonso123,Tecnología Médica - Laboratorio Clínico y Anatomía Patológica,5
Camila,Quispe Mamani,59769642@sima.com,camila123,Medicina Humana,10
Valeria,García Pérez,90381256@sima.com,valeria123,Ingeniería Ambiental,6
Luis,Torres Díaz,97491663@sima.com,luis123,Farmacia y Bioquímica,8
Daniela,Vargas Soto,78138580@sima.com,daniela123,Tecnología Médica - Radiología,9
Luis,Cruz Fernández,74528420@sima.com,luis123,Tecnología Médica - Radiología,1
Ricardo,Mendoza López,54934467@sima.com,ricardo123,Ingeniería Mecatrónica,9
Lucía,Paredes Silva,58614059@sima.com,lucía123,Ingeniería Mecatrónica,3
Lucía,García Pérez,46944162@sima.com,lucía123,Ciencias de la Comunicación,7
Carlos,Vargas Soto,54088769@sima.com,carlos123,Arquitectura,6
Jorge,Mendoza López,59347549@sima.com,jorge123,Ingeniería Industrial,2
Valeria,Mendoza López,22682567@sima.com,valeria123,Ingeniería Mecánica,4
José,Castillo Huamán,46899242@sima.com,josé123,Ingeniería Eléctrica,3
Ricardo,Cruz Fernández,57684695@sima.com,ricardo123,Ingeniería Eléctrica,6
Andrea,Vargas Soto,42937075@sima.com,andrea123,Ingeniería Industrial,8
Elena,Cruz Fernández,66958118@sima.com,elena123,Ingeniería de Minas,5
Diego,Ramos Medina,10273122@sima.com,diego123,Ingeniería Ambiental,9
Ricardo,García Pérez,98670017@sima.com,ricardo123,Ingeniería Mecatrónica,6
Fernando,Flores Rojas,52023666@sima.com,fernando123,Farmacia y Bioquímica,3
Sofía,Cruz Fernández,76229651@sima.com,sofía123,Ingeniería Mecatrónica,3
Jorge,Ramos Medina,66953309@sima.com,jorge123,Ingeniería Eléctrica,1
Kevin,Mendoza López,53042289@sima.com,kevin123,Ingeniería de Sistemas e Informática,1
Jorge,Vargas Soto,67028129@sima.com,jorge123,Ingeniería de Sistemas e Informática,10
José,Ramos Medina,51493082@sima.com,josé123,Medicina Humana,6
Miguel,Vargas Soto,45602325@sima.com,miguel123,Ingeniería Mecánica,5
María,García Pérez,75825628@sima.com,maría123,Enfermería,10
Alonso,Ramos Medina,39027845@sima.com,alonso123,Enfermería,7
Paula,Vargas Soto,74686842@sima.com,paula123,Tecnología Médica - Terapia Física y Rehabilitación,3
Kevin,Flores Rojas,63537928@sima.com,kevin123,Ciencias de la Comunicación,6
Sofía,Flores Rojas,18225595@sima.com,sofía123,Ingeniería Mecatrónica,7
Andrea,García Pérez,80465643@sima.com,andrea123,Ingeniería Mecatrónica,8
Lucía,García Pérez,12447802@sima.com,lucía123,Derecho,10
Daniela,García Pérez,57071756@sima.com,daniela123,Odontología,1
Carlos,Torres Díaz,27355170@sima.com,carlos123,Nutrición y Dietética,2
Ana,Torres Díaz,92437164@sima.com,ana123,Tecnología Médica - Laboratorio Clínico y Anatomía Patológica,10
Fernando,Flores Rojas,42441772@sima.com,fernando123,Derecho,5
Sofía,Paredes Silva,38805995@sima.com,sofía123,Ingeniería Ambiental,2
Luis,Mendoza López,79704333@sima.com,luis123,Derecho,1
Luis,Paredes Silva,68752503@sima.com,luis123,Ingeniería de Sistemas e Informática,2
José,Castillo Huamán,79573174@sima.com,josé123,Farmacia y Bioquímica,4
Sofía,García Pérez,12506003@sima.com,sofía123,Derecho,10
Sofía,Castillo Huamán,43785188@sima.com,sofía123,Ingeniería Mecatrónica,9
Daniela,Mendoza López,74250099@sima.com,daniela123,Ingeniería de Minas,1
Miguel,Ramos Medina,74699384@sima.com,miguel123,Arquitectura,2
Valeria,Flores Rojas,59479843@sima.com,valeria123,Ingeniería Mecánica,4
Miguel,Castillo Huamán,45499021@sima.com,miguel123,Enfermería,4
Camila,Mendoza López,66898028@sima.com,camila123,Ingeniería Ambiental,3
Diego,Mendoza López,24860193@sima.com,diego123,Odontología,4
Miguel,Ramos Medina,98031297@sima.com,miguel123,Medicina Humana,3
Jorge,Quispe Mamani,15730179@sima.com,jorge123,Farmacia y Bioquímica,3
Kevin,García Pérez,16351645@sima.com,kevin123,Odontología,1
Kevin,García Pérez,56327924@sima.com,kevin123,Ingeniería Ambiental,9
María,García Pérez,61744213@sima.com,maría123,Ingeniería Civil,9
Sofía,Quispe Mamani,92523225@sima.com,sofía123,Derecho,1
Andrea,Vargas Soto,98372858@sima.com,andrea123,Ciencias de la Comunicación,10
Daniela,Paredes Silva,17702445@sima.com,daniela123,Ingeniería Mecatrónica,7
Lucía,Castillo Huamán,17502276@sima.com,lucía123,Tecnología Médica - Terapia Física y Rehabilitación,7
Valeria,Flores Rojas,93551000@sima.com,valeria123,Enfermería,10
Kevin,García Pérez,81805458@sima.com,kevin123,Odontología,8
Elena,Paredes Silva,57537576@sima.com,elena123,Ciencias de la Comunicación,2
Paula,Mendoza López,97886563@sima.com,paula123,Ingeniería Ambiental,1
Diego,García Pérez,25423248@sima.com,diego123,Ciencias de la Comunicación,10
José,Mendoza López,12794235@sima.com,josé123,Nutrición y Dietética,1
María,Paredes Silva,87264176@sima.com,maría123,Tecnología Médica - Laboratorio Clínico y Anatomía Patológica,3
Ricardo,García Pérez,47543984@sima.com,ricardo123,Ingeniería Mecánica,2
Ana,Quispe Mamani,19928025@sima.com,ana123,Odontología,10
María,Torres Díaz,13816882@sima.com,maría123,Arquitectura,10
Ricardo,Mendoza López,68843382@sima.com,ricardo123,Odontología,10
Jorge,Quispe Mamani,61867495@sima.com,jorge123,Ingeniería Empresarial,5
Valeria,Flores Rojas,12770132@sima.com,valeria123,Ciencias de la Comunicación,7
Kevin,Castillo Huamán,13635203@sima.com,kevin123,Tecnología Médica - Radiología,8
Camila,Castillo Huamán,49635670@sima.com,camila123,Ingeniería de Minas,5
Paula,Vargas Soto,53258436@sima.com,paula123,Ingeniería Industrial,10
Jorge,Quispe Mamani,76138905@sima.com,jorge123,Ingeniería Mecánica,1
Fernando,Mendoza López,38638367@sima.com,fernando123,Tecnología Médica - Terapia Física y Rehabilitación,8
Sofía,Vargas Soto,68468890@sima.com,sofía123,Ingeniería de Minas,5
Ricardo,Quispe Mamani,95041593@sima.com,ricardo123,Ingeniería Mecatrónica,2
Camila,Flores Rojas,10865248@sima.com,camila123,Ingeniería de Minas,10
Jorge,Flores Rojas,22367360@sima.com,jorge123,Ingeniería Mecatrónica,10
José,Paredes Silva,86841108@sima.com,josé123,Ingeniería Empresarial,3
Lucía,Paredes Silva,92044585@sima.com,lucía123,Tecnología Médica - Terapia Física y Rehabilitación,8
Camila,Quispe Mamani,69816125@sima.com,camila123,Ingeniería Eléctrica,9
Jorge,Flores Rojas,40148673@sima.com,jorge123,Ingeniería Civil,10
Daniela,Cruz Fernández,21764815@sima.com,daniela123,Tecnología Médica - Terapia Física y Rehabilitación,1
Andrea,Torres Díaz,68350850@sima.com,andrea123,Ingeniería Mecánica,8
Elena,Mendoza López,46290827@sima.com,elena123,Enfermería,10
Luis,Paredes Silva,87352165@sima.com,luis123,Ingeniería de Sistemas e Informática,5
Lucía,Mendoza López,64194034@sima.com,lucía123,Ingeniería Ambiental,3
Miguel,Quispe Mamani,79617798@sima.com,miguel123,Tecnología Médica - Radiología,9
Sofía,Ramos Medina,19428172@sima.com,sofía123,Ingeniería Mecánica,6
Valeria,Cruz Fernández,63587109@sima.com,valeria123,Ingeniería Mecatrónica,3
Kevin,Ramos Medina,22966451@sima.com,kevin123,Ingeniería Eléctrica,9
María,Flores Rojas,22664979@sima.com,maría123,Ingeniería de Sistemas e Informática,8
Lucía,Castillo Huamán,13505579@sima.com,lucía123,Farmacia y Bioquímica,3
Carlos,Ramos Medina,62231118@sima.com,carlos123,Nutrición y Dietética,10
Kevin,Mendoza López,20325713@sima.com,kevin123,Ingeniería de Minas,3
Sofía,García Pérez,28559596@sima.com,sofía123,Farmacia y Bioquímica,4
José,Paredes Silva,45038579@sima.com,josé123,Ciencias de la Comunicación,2
Miguel,Quispe Mamani,79065271@sima.com,miguel123,Ciencias de la Comunicación,6
Ana,Flores Rojas,23082371@sima.com,ana123,Ingeniería de Sistemas e Informática,1
Lucía,Vargas Soto,28722727@sima.com,lucía123,Ingeniería Civil,9
Alonso,Torres Díaz,53939378@sima.com,alonso123,Ingeniería Industrial,5
Luis,Paredes Silva,45280833@sima.com,luis123,Ingeniería Civil,3
Camila,Torres Díaz,31280252@sima.com,camila123,Nutrición y Dietética,1
José,Flores Rojas,71022064@sima.com,josé123,Odontología,2
Daniela,Paredes Silva,20300029@sima.com,daniela123,Ingeniería Mecatrónica,10
Ricardo,Vargas Soto,96658482@sima.com,ricardo123,Farmacia y Bioquímica,1
Fernando,Cruz Fernández,26663826@sima.com,fernando123,Tecnología Médica - Radiología,7
Daniela,Flores Rojas,68582477@sima.com,daniela123,Nutrición y Dietética,2
Miguel,Castillo Huamán,84092644@sima.com,miguel123,Ingeniería de Minas,7
Paula,García Pérez,85239372@sima.com,paula123,Arquitectura,5
Alonso,Paredes Silva,67057768@sima.com,alonso123,Ingeniería Mecánica,1
Ana,Ramos Medina,61789982@sima.com,ana123,Odontología,9
Camila,Torres Díaz,96756677@sima.com,camila123,Farmacia y Bioquímica,1
Ana,Torres Díaz,53736957@sima.com,ana123,Ingeniería de Minas,5
Diego,Mendoza López,91178513@sima.com,diego123,Nutrición y Dietética,1
Luis,Flores Rojas,54749823@sima.com,luis123,Tecnología Médica - Laboratorio Clínico y Anatomía Patológica,2
Alonso,Ramos Medina,82022350@sima.com,alonso123,Ingeniería de Sistemas e Informática,2
Ricardo,García Pérez,23746697@sima.com,ricardo123,Tecnología Médica - Terapia Física y Rehabilitación,7
Lucía,Mendoza López,46624330@sima.com,lucía123,Ingeniería Eléctrica,1
Fernando,Castillo Huamán,34399741@sima.com,fernando123,Ingeniería Industrial,2
Ricardo,García Pérez,73894311@sima.com,ricardo123,Farmacia y Bioquímica,8
Diego,Flores Rojas,67283583@sima.com,diego123,Ingeniería de Sistemas e Informática,7
Camila,Ramos Medina,52595812@sima.com,camila123,Ingeniería Empresarial,10
Kevin,Ramos Medina,16314903@sima.com,kevin123,Tecnología Médica - Terapia Física y Rehabilitación,8
Lucía,Mendoza López,84954506@sima.com,lucía123,Tecnología Médica - Laboratorio Clínico y Anatomía Patológica,10
Ana,Quispe Mamani,11061497@sima.com,ana123,Farmacia y Bioquímica,8
Valeria,Torres Díaz,77821662@sima.com,valeria123,Ingeniería Empresarial,3
Miguel,García Pérez,65349671@sima.com,miguel123,Medicina Humana,9
Daniela,Torres Díaz,81907382@sima.com,daniela123,Nutrición y Dietética,3
Camila,Quispe Mamani,42680027@sima.com,camila123,Farmacia y Bioquímica,3
Jorge,Castillo Huamán,75563442@sima.com,jorge123,Ingeniería de Sistemas e Informática,1
Andrea,Quispe Mamani,54015222@sima.com,andrea123,Ingeniería de Sistemas e Informática,6
Elena,Quispe Mamani,54993294@sima.com,elena123,Farmacia y Bioquímica,5
Miguel,Torres Díaz,41237074@sima.com,miguel123,Ingeniería Eléctrica,2
Paula,Castillo Huamán,67778037@sima.com,paula123,Tecnología Médica - Terapia Física y Rehabilitación,5
Carlos,Quispe Mamani,32527513@sima.com,carlos123,Medicina Humana,2
María,Flores Rojas,14762098@sima.com,maría123,Ciencias de la Comunicación,8
Elena,Castillo Huamán,95099619@sima.com,elena123,Arquitectura,5
José,Cruz Fernández,60280016@sima.com,josé123,Ingeniería Ambiental,2
Carlos,Torres Díaz,43660197@sima.com,carlos123,Ingeniería Mecánica,2
Valeria,Paredes Silva,37759669@sima.com,valeria123,Ciencias de la Comunicación,4
Valeria,Cruz Fernández,63389243@sima.com,valeria123,Enfermería,10
Andrea,Mendoza López,55642268@sima.com,andrea123,Derecho,1
Elena,Castillo Huamán,11260997@sima.com,elena123,Enfermería,5
Ana,Mendoza López,11012853@sima.com,ana123,Enfermería,1
Luis,García Pérez,89477473@sima.com,luis123,Ingeniería de Minas,4
Sofía,Quispe Mamani,86749570@sima.com,sofía123,Tecnología Médica - Laboratorio Clínico y Anatomía Patológica,6
Camila,Torres Díaz,70824328@sima.com,camila123,Ingeniería Ambiental,10
Miguel,García Pérez,45092813@sima.com,miguel123,Derecho,1
Andrea,Castillo Huamán,55741433@sima.com,andrea123,Ingeniería Mecánica,8
Alonso,Cruz Fernández,45603037@sima.com,alonso123,Farmacia y Bioquímica,8
Carlos,Flores Rojas,68680697@sima.com,carlos123,Farmacia y Bioquímica,3
Camila,Ramos Medina,23943976@sima.com,camila123,Ingeniería Eléctrica,10
Ana,Torres Díaz,23776453@sima.com,ana123,Farmacia y Bioquímica,10
Fernando,Quispe Mamani,59280832@sima.com,fernando123,Tecnología Médica - Laboratorio Clínico y Anatomía Patológica,2
Sofía,Mendoza López,17560608@sima.com,sofía123,Ingeniería Eléctrica,5
Jorge,Paredes Silva,25998220@sima.com,jorge123,Tecnología Médica - Radiología,10
María,Vargas Soto,30552690@sima.com,maría123,Odontología,4
Diego,García Pérez,24144573@sima.com,diego123,Ingeniería Industrial,5
Diego,Flores Rojas,44426725@sima.com,diego123,Medicina Humana,5
Camila,Quispe Mamani,87278995@sima.com,camila123,Enfermería,10
Andrea,Torres Díaz,80883273@sima.com,andrea123,Ingeniería Mecánica,8
María,Paredes Silva,38554339@sima.com,maría123,Tecnología Médica - Radiología,9
Ricardo,Paredes Silva,13498259@sima.com,ricardo123,Farmacia y Bioquímica,5
Jorge,Torres Díaz,23265120@sima.com,jorge123,Medicina Humana,1
Daniela,García Pérez,40692443@sima.com,daniela123,Ingeniería de Minas,8
Elena,Cruz Fernández,87929261@sima.com,elena123,Ingeniería Eléctrica,3
Alonso,Paredes Silva,91030952@sima.com,alonso123,Ingeniería Eléctrica,4
Jorge,Vargas Soto,65060229@sima.com,jorge123,Ingeniería Eléctrica,9
Jorge,Mendoza López,59196089@sima.com,jorge123,Ingeniería Civil,8
Diego,Quispe Mamani,90182163@sima.com,diego123,Tecnología Médica - Terapia Física y Rehabilitación,8
Andrea,Castillo Huamán,87684881@sima.com,andrea123,Tecnología Médica - Radiología,7
Daniela,Ramos Medina,78462129@sima.com,daniela123,Ingeniería Empresarial,2
Ricardo,Vargas Soto,38619996@sima.com,ricardo123,Ingeniería Eléctrica,8
Elena,Mendoza López,89906784@sima.com,elena123,Ingeniería Civil,1
Alonso,Castillo Huamán,51320641@sima.com,alonso123,Tecnología Médica - Radiología,5
Miguel,Ramos Medina,37852552@sima.com,miguel123,Ingeniería de Minas,2
Luis,Mendoza López,18935652@sima.com,luis123,Ingeniería Industrial,8
Fernando,Cruz Fernández,89147632@sima.com,fernando123,Farmacia y Bioquímica,9
Diego,Castillo Huamán,48517180@sima.com,diego123,Nutrición y Dietética,2
Carlos,Torres Díaz,55754048@sima.com,carlos123,Ingeniería Mecánica,7
Ana,Cruz Fernández,33793393@sima.com,ana123,Ingeniería Mecánica,6
María,García Pérez,84939912@sima.com,maría123,Ingeniería Mecánica,9
Alonso,Flores Rojas,27446360@sima.com,alonso123,Farmacia y Bioquímica,3
José,Torres Díaz,23128907@sima.com,josé123,Tecnología Médica - Terapia Física y Rehabilitación,3
Elena,Vargas Soto,91242215@sima.com,elena123,Ingeniería Industrial,8
Camila,Castillo Huamán,20192482@sima.com,camila123,Nutrición y Dietética,9
Andrea,Flores Rojas,32023966@sima.com,andrea123,Ingeniería de Sistemas e Informática,7
Carlos,Torres Díaz,86778193@sima.com,carlos123,Ingeniería Ambiental,2
Lucía,Quispe Mamani,63369978@sima.com,lucía123,Tecnología Médica - Radiología,8
Daniela,Mendoza López,59489210@sima.com,daniela123,Ingeniería Industrial,2
Lucía,Mendoza López,97456563@sima.com,lucía123,Tecnología Médica - Terapia Física y Rehabilitación,7
Daniela,Mendoza López,11233197@sima.com,daniela123,Nutrición y Dietética,9
Diego,Paredes Silva,31020834@sima.com,diego123,Tecnología Médica - Radiología,10
Daniela,García Pérez,36032223@sima.com,daniela123,Ingeniería Empresarial,1
Diego,Mendoza López,55941722@sima.com,diego123,Ciencias de la Comunicación,2
Diego,Flores Rojas,29944802@sima.com,diego123,Ciencias de la Comunicación,4
Alonso,Torres Díaz,29118104@sima.com,alonso123,Tecnología Médica - Laboratorio Clínico y Anatomía Patológica,6
Lucía,Flores Rojas,52670231@sima.com,lucía123,Farmacia y Bioquímica,7
Kevin,Quispe Mamani,19076917@sima.com,kevin123,Tecnología Médica - Radiología,6
Daniela,Flores Rojas,99046384@sima.com,daniela123,Odontología,10
Sofía,Vargas Soto,25758135@sima.com,sofía123,Ingeniería Eléctrica,4
Camila,Flores Rojas,24637966@sima.com,camila123,Ingeniería de Minas,1
Lucía,Cruz Fernández,39164557@sima.com,lucía123,Ingeniería Empresarial,5
Luis,Flores Rojas,21565073@sima.com,luis123,Arquitectura,7
Valeria,García Pérez,99796644@sima.com,valeria123,Ingeniería de Sistemas e Informática,6
Valeria,Mendoza López,64397336@sima.com,valeria123,Ingeniería Industrial,5
Paula,Ramos Medina,97663040@sima.com,paula123,Ciencias de la Comunicación,3
Camila,Quispe Mamani,69631502@sima.com,camila123,Tecnología Médica - Laboratorio Clínico y Anatomía Patológica,9
Daniela,Flores Rojas,41294127@sima.com,daniela123,Ingeniería Mecánica,2
Luis,Mendoza López,31170976@sima.com,luis123,Tecnología Médica - Radiología,7
Jorge,Castillo Huamán,58390829@sima.com,jorge123,Enfermería,8
Camila,Quispe Mamani,14933325@sima.com,camila123,Ingeniería Mecánica,8
Fernando,Torres Díaz,92610515@sima.com,fernando123,Arquitectura,9
Andrea,Quispe Mamani,78273249@sima.com,andrea123,Nutrición y Dietética,2
Valeria,Paredes Silva,20605042@sima.com,valeria123,Ingeniería Civil,5
Sofía,Vargas Soto,66996029@sima.com,sofía123,Ingeniería de Sistemas e Informática,7
Valeria,Cruz Fernández,24983430@sima.com,valeria123,Enfermería,3
Paula,Castillo Huamán,26128862@sima.com,paula123,Ingeniería Mecatrónica,5
José,Ramos Medina,56387019@sima.com,josé123,Medicina Humana,8
Miguel,Cruz Fernández,13896240@sima.com,miguel123,Ingeniería Mecánica,9
Paula,Castillo Huamán,23706970@sima.com,paula123,Ingeniería Mecánica,5
Kevin,Cruz Fernández,39893644@sima.com,kevin123,Tecnología Médica - Laboratorio Clínico y Anatomía Patológica,1
Daniela,Flores Rojas,71607013@sima.com,daniela123,Ingeniería de Minas,9
Elena,García Pérez,54880839@sima.com,elena123,Ingeniería Empresarial,3
Lucía,García Pérez,20060490@sima.com,lucía123,Ingeniería Industrial,4
Sofía,Cruz Fernández,96059499@sima.com,sofía123,Tecnología Médica - Laboratorio Clínico y Anatomía Patológica,9
Sofía,Cruz Fernández,58057088@sima.com,sofía123,Ciencias de la Comunicación,7
María,Vargas Soto,53580490@sima.com,maría123,Ingeniería Mecatrónica,1
Carlos,Castillo Huamán,51769715@sima.com,carlos123,Medicina Humana,3
Sofía,Paredes Silva,36536173@sima.com,sofía123,Medicina Humana,9
Valeria,Cruz Fernández,16073670@sima.com,valeria123,Ingeniería de Minas,4
Kevin,Flores Rojas,44465207@sima.com,kevin123,Ingeniería Civil,4
Valeria,Quispe Mamani,27762982@sima.com,valeria123,Tecnología Médica - Laboratorio Clínico y Anatomía Patológica,1
Valeria,Paredes Silva,25057587@sima.com,valeria123,Ingeniería Civil,2
Carlos,Mendoza López,70832321@sima.com,carlos123,Ingeniería Ambiental,5
Fernando,Cruz Fernández,90011020@sima.com,fernando123,Derecho,4
Carlos,Mendoza López,93917477@sima.com,carlos123,Arquitectura,7
Diego,Mendoza López,86924570@sima.com,diego123,Ingeniería Mecatrónica,9
Sofía,Mendoza López,43691456@sima.com,sofía123,Ingeniería de Minas,3
Carlos,Quispe Mamani,57547807@sima.com,carlos123,Tecnología Médica - Laboratorio Clínico y Anatomía Patológica,9
Jorge,Mendoza López,24997139@sima.com,jorge123,Ingeniería de Minas,8
Sofía,Torres Díaz,27688904@sima.com,sofía123,Tecnología Médica - Radiología,7
Diego,Vargas Soto,37561979@sima.com,diego123,Ingeniería Mecatrónica,8
Andrea,Ramos Medina,62007965@sima.com,andrea123,Tecnología Médica - Radiología,3
Luis,Flores Rojas,69834293@sima.com,luis123,Derecho,6
Valeria,Castillo Huamán,62017618@sima.com,valeria123,Derecho,2
José,Ramos Medina,65336682@sima.com,josé123,Ingeniería Civil,5
Jorge,Flores Rojas,28559803@sima.com,jorge123,Derecho,7
Fernando,Quispe Mamani,32159565@sima.com,fernando123,Ingeniería Empresarial,4
Miguel,Torres Díaz,35536552@sima.com,miguel123,Tecnología Médica - Laboratorio Clínico y Anatomía Patológica,6
Sofía,García Pérez,71388934@sima.com,sofía123,Ingeniería Industrial,6
Kevin,Vargas Soto,50781924@sima.com,kevin123,Tecnología Médica - Laboratorio Clínico y Anatomía Patológica,5
Alonso,García Pérez,48608609@sima.com,alonso123,Tecnología Médica - Laboratorio Clínico y Anatomía Patológica,4
Diego,Vargas Soto,75481947@sima.com,diego123,Tecnología Médica - Terapia Física y Rehabilitación,2
Carlos,Cruz Fernández,85052098@sima.com,carlos123,Ciencias de la Comunicación,8
Diego,Mendoza López,75920112@sima.com,diego123,Odontología,4
Valeria,Torres Díaz,28583521@sima.com,valeria123,Odontología,9
Kevin,Mendoza López,42248706@sima.com,kevin123,Tecnología Médica - Terapia Física y Rehabilitación,6
Miguel,Quispe Mamani,57761355@sima.com,miguel123,Arquitectura,7
Sofía,Cruz Fernández,61495378@sima.com,sofía123,Tecnología Médica - Terapia Física y Rehabilitación,10
Lucía,Vargas Soto,48812635@sima.com,lucía123,Ingeniería Industrial,3
Lucía,García Pérez,13291022@sima.com,lucía123,Ingeniería Eléctrica,4
Fernando,Castillo Huamán,51007249@sima.com,fernando123,Ingeniería Empresarial,2
Paula,Paredes Silva,81863202@sima.com,paula123,Ingeniería Mecatrónica,9
Elena,Paredes Silva,47284750@sima.com,elena123,Odontología,6
Valeria,Flores Rojas,61158491@sima.com,valeria123,Tecnología Médica - Laboratorio Clínico y Anatomía Patológica,7
Paula,Mendoza López,17971656@sima.com,paula123,Arquitectura,6
Fernando,Paredes Silva,48447990@sima.com,fernando123,Medicina Humana,8
José,Vargas Soto,64644046@sima.com,josé123,Tecnología Médica - Laboratorio Clínico y Anatomía Patológica,1
Fernando,Vargas Soto,97256260@sima.com,fernando123,Ingeniería de Sistemas e Informática,6
Miguel,Mendoza López,47810923@sima.com,miguel123,Ingeniería de Minas,2
Fernando,Castillo Huamán,20905077@sima.com,fernando123,Ingeniería Ambiental,4
Miguel,Ramos Medina,27540771@sima.com,miguel123,Medicina Humana,3
Carlos,Quispe Mamani,55751161@sima.com,carlos123,Farmacia y Bioquímica,8
Daniela,Torres Díaz,24149433@sima.com,daniela123,Medicina Humana,1
José,García Pérez,97556692@sima.com,josé123,Ingeniería de Sistemas e Informática,5
Kevin,García Pérez,52240147@sima.com,kevin123,Ingeniería de Sistemas e Informática,4
Sofía,Quispe Mamani,57891892@sima.com,sofía123,Tecnología Médica - Laboratorio Clínico y Anatomía Patológica,6
Paula,Vargas Soto,89542191@sima.com,paula123,Farmacia y Bioquímica,8
Miguel,Quispe Mamani,25135847@sima.com,miguel123,Ingeniería Mecánica,6
Lucía,Paredes Silva,34538221@sima.com,lucía123,Ciencias de la Comunicación,9
Jorge,Ramos Medina,77520928@sima.com,jorge123,Ingeniería de Sistemas e Informática,2
Alonso,García Pérez,75361011@sima.com,alonso123,Medicina Humana,2
Lucía,Cruz Fernández,43458342@sima.com,lucía123,Ingeniería Industrial,7
Paula,Castillo Huamán,38963094@sima.com,paula123,Tecnología Médica - Laboratorio Clínico y Anatomía Patológica,1
Alonso,Cruz Fernández,13858389@sima.com,alonso123,Ingeniería de Minas,1
Ricardo,Castillo Huamán,94134306@sima.com,ricardo123,Tecnología Médica - Terapia Física y Rehabilitación,1
Ricardo,Flores Rojas,80504420@sima.com,ricardo123,Ingeniería de Sistemas e Informática,1
Elena,Flores Rojas,27863027@sima.com,elena123,Ingeniería Industrial,3
Alonso,Mendoza López,44849524@sima.com,alonso123,Enfermería,4
María,Torres Díaz,78568208@sima.com,maría123,Ingeniería de Sistemas e Informática,8
Camila,Ramos Medina,15837784@sima.com,camila123,Ingeniería Eléctrica,8
Ricardo,Castillo Huamán,86759089@sima.com,ricardo123,Ingeniería Civil,8
Jorge,Cruz Fernández,93203345@sima.com,jorge123,Farmacia y Bioquímica,7
Miguel,Quispe Mamani,96888634@sima.com,miguel123,Odontología,5
José,Mendoza López,76420510@sima.com,josé123,Farmacia y Bioquímica,8
Diego,Castillo Huamán,32764047@sima.com,diego123,Odontología,5
Camila,Mendoza López,59206103@sima.com,camila123,Ingeniería Civil,3
José,Vargas Soto,96021426@sima.com,josé123,Enfermería,2
Kevin,Cruz Fernández,99462350@sima.com,kevin123,Derecho,5
Camila,Ramos Medina,32681228@sima.com,camila123,Ingeniería Industrial,6
Lucía,Mendoza López,83397794@sima.com,lucía123,Arquitectura,6
Alonso,Flores Rojas,35495502@sima.com,alonso123,Arquitectura,2
José,Castillo Huamán,61703277@sima.com,josé123,Ingeniería de Minas,3
Miguel,Flores Rojas,70500402@sima.com,miguel123,Ingeniería Eléctrica,9
Lucía,Cruz Fernández,35870322@sima.com,lucía123,Tecnología Médica - Radiología,9
Ricardo,García Pérez,38366830@sima.com,ricardo123,Arquitectura,10
Ricardo,Castillo Huamán,32739635@sima.com,ricardo123,Arquitectura,9
Sofía,Mendoza López,67648228@sima.com,sofía123,Ingeniería de Sistemas e Informática,7
Kevin,Torres Díaz,30789084@sima.com,kevin123,Tecnología Médica - Laboratorio Clínico y Anatomía Patológica,10
Valeria,Cruz Fernández,39309911@sima.com,valeria123,Farmacia y Bioquímica,10
José,Quispe Mamani,42856822@sima.com,josé123,Ingeniería Ambiental,2
Ana,Paredes Silva,90571399@sima.com,ana123,Ingeniería de Sistemas e Informática,7
Daniela,Torres Díaz,41228865@sima.com,daniela123,Ingeniería Mecatrónica,4
Elena,Paredes Silva,83162093@sima.com,elena123,Tecnología Médica - Terapia Física y Rehabilitación,1
Luis,Ramos Medina,28960537@sima.com,luis123,Ingeniería Civil,2
Camila,Flores Rojas,67932535@sima.com,camila123,Ingeniería Civil,1
Jorge,Vargas Soto,26534022@sima.com,jorge123,Ingeniería Ambiental,6
Andrea,Vargas Soto,88321981@sima.com,andrea123,Tecnología Médica - Terapia Física y Rehabilitación,4
José,Torres Díaz,27426976@sima.com,josé123,Tecnología Médica - Terapia Física y Rehabilitación,3
Paula,Ramos Medina,28867399@sima.com,paula123,Ingeniería de Minas,4
Fernando,Paredes Silva,15328668@sima.com,fernando123,Ingeniería de Sistemas e Informática,6
Lucía,Castillo Huamán,95689406@sima.com,lucía123,Ciencias de la Comunicación,6
Luis,Cruz Fernández,25897940@sima.com,luis123,Tecnología Médica - Terapia Física y Rehabilitación,6
Alonso,Paredes Silva,62456852@sima.com,alonso123,Ingeniería Civil,2
Daniela,García Pérez,39624162@sima.com,daniela123,Ingeniería de Minas,8
Diego,García Pérez,45530849@sima.com,diego123,Medicina Humana,8
Lucía,García Pérez,95577162@sima.com,lucía123,Ingeniería Ambiental,8
Daniela,Vargas Soto,62215380@sima.com,daniela123,Ingeniería de Minas,6
María,Flores Rojas,99237770@sima.com,maría123,Ingeniería Mecatrónica,7
Paula,Quispe Mamani,77994603@sima.com,paula123,Ingeniería Ambiental,4
Kevin,Vargas Soto,45036047@sima.com,kevin123,Tecnología Médica - Terapia Física y Rehabilitación,2
Miguel,Ramos Medina,19008137@sima.com,miguel123,Ingeniería de Minas,6
Diego,Quispe Mamani,56999627@sima.com,diego123,Ingeniería Industrial,6
Camila,Vargas Soto,96836968@sima.com,camila123,Medicina Humana,8
Kevin,Cruz Fernández,89858944@sima.com,kevin123,Odontología,7
Alonso,Torres Díaz,51544359@sima.com,alonso123,Ingeniería Ambiental,4
Paula,Ramos Medina,28001846@sima.com,paula123,Medicina Humana,4
Alonso,Mendoza López,38340598@sima.com,alonso123,Ingeniería de Minas,4
Elena,Quispe Mamani,34345543@sima.com,elena123,Ingeniería Mecánica,3
Valeria,Castillo Huamán,22222894@sima.com,valeria123,Tecnología Médica - Laboratorio Clínico y Anatomía Patológica,5
Sofía,Flores Rojas,42774379@sima.com,sofía123,Nutrición y Dietética,7
Ana,Quispe Mamani,35911103@sima.com,ana123,Enfermería,3
Diego,García Pérez,77125450@sima.com,diego123,Ingeniería Industrial,9
Ana,García Pérez,94310327@sima.com,ana123,Enfermería,7
Paula,García Pérez,93197588@sima.com,paula123,Nutrición y Dietética,2
José,Torres Díaz,62303640@sima.com,josé123,Ingeniería Empresarial,3
Kevin,Paredes Silva,70826904@sima.com,kevin123,Ingeniería Eléctrica,5
Fernando,Castillo Huamán,83756119@sima.com,fernando123,Arquitectura,6
Luis,Ramos Medina,28779214@sima.com,luis123,Ingeniería Mecánica,7
Paula,Castillo Huamán,30295616@sima.com,paula123,Farmacia y Bioquímica,8
Camila,Mendoza López,63798326@sima.com,camila123,Ingeniería Industrial,9
Ricardo,Flores Rojas,71580162@sima.com,ricardo123,Tecnología Médica - Radiología,2
Valeria,Quispe Mamani,92827997@sima.com,valeria123,Ciencias de la Comunicación,1
Paula,Cruz Fernández,43074516@sima.com,paula123,Tecnología Médica - Laboratorio Clínico y Anatomía Patológica,2
Valeria,Quispe Mamani,36482755@sima.com,valeria123,Farmacia y Bioquímica,10
Carlos,Quispe Mamani,57102517@sima.com,carlos123,Ingeniería de Minas,6
Luis,Vargas Soto,90096796@sima.com,luis123,Ingeniería Civil,1
Andrea,Paredes Silva,84283172@sima.com,andrea123,Arquitectura,5
Fernando,Cruz Fernández,86315142@sima.com,fernando123,Ingeniería Mecatrónica,1
Sofía,Torres Díaz,65824708@sima.com,sofía123,Ingeniería Eléctrica,5
José,Quispe Mamani,26438029@sima.com,josé123,Nutrición y Dietética,1
José,Cruz Fernández,73117153@sima.com,josé123,Derecho,6
Valeria,Flores Rojas,43954792@sima.com,valeria123,Ingeniería Mecánica,3
Lucía,Flores Rojas,91846977@sima.com,lucía123,Ingeniería Ambiental,6
Andrea,Quispe Mamani,67262915@sima.com,andrea123,Ingeniería Empresarial,10
Alonso,Cruz Fernández,51818928@sima.com,alonso123,Nutrición y Dietética,8
Andrea,García Pérez,89703280@sima.com,andrea123,Derecho,1
José,Flores Rojas,10317069@sima.com,josé123,Enfermería,8
Kevin,Cruz Fernández,11189588@sima.com,kevin123,Ingeniería Civil,4
José,Castillo Huamán,25094207@sima.com,josé123,Ingeniería Civil,7
Ana,Mendoza López,21655915@sima.com,ana123,Ingeniería Eléctrica,5
Lucía,Quispe Mamani,35708594@sima.com,lucía123,Farmacia y Bioquímica,4
Alonso,Castillo Huamán,46935373@sima.com,alonso123,Ingeniería Ambiental,10
Ana,Castillo Huamán,97509698@sima.com,ana123,Ingeniería Civil,9
Andrea,Ramos Medina,36658117@sima.com,andrea123,Ingeniería Mecánica,10
Ana,Quispe Mamani,66243874@sima.com,ana123,Ingeniería Ambiental,1
María,Flores Rojas,41932707@sima.com,maría123,Derecho,3
Luis,García Pérez,34257178@sima.com,luis123,Nutrición y Dietética,7
Ana,Paredes Silva,81254352@sima.com,ana123,Medicina Humana,7
José,Flores Rojas,31236754@sima.com,josé123,Ingeniería de Sistemas e Informática,6
Alonso,Ramos Medina,66233967@sima.com,alonso123,Ingeniería Mecánica,5
Sofía,Torres Díaz,17425505@sima.com,sofía123,Derecho,1
María,Flores Rojas,92456680@sima.com,maría123,Tecnología Médica - Laboratorio Clínico y Anatomía Patológica,2
Elena,Paredes Silva,31293883@sima.com,elena123,Tecnología Médica - Terapia Física y Rehabilitación,9
Daniela,Ramos Medina,97317262@sima.com,daniela123,Derecho,5
Sofía,Torres Díaz,57293077@sima.com,sofía123,Tecnología Médica - Radiología,6
Paula,Ramos Medina,83303322@sima.com,paula123,Ingeniería Industrial,8
Carlos,Mendoza López,64469361@sima.com,carlos123,Tecnología Médica - Radiología,7
Ricardo,Cruz Fernández,98880748@sima.com,ricardo123,Enfermería,9
Luis,Vargas Soto,66600956@sima.com,luis123,Ingeniería Empresarial,4
Diego,Vargas Soto,71905647@sima.com,diego123,Ingeniería de Sistemas e Informática,4
Miguel,Flores Rojas,36431955@sima.com,miguel123,Tecnología Médica - Laboratorio Clínico y Anatomía Patológica,3
Carlos,Castillo Huamán,16522867@sima.com,carlos123,Tecnología Médica - Radiología,10
Kevin,Mendoza López,64281855@sima.com,kevin123,Odontología,5
Andrea,Paredes Silva,89130080@sima.com,andrea123,Tecnología Médica - Laboratorio Clínico y Anatomía Patológica,1
Miguel,Flores Rojas,45343599@sima.com,miguel123,Ciencias de la Comunicación,3
Ricardo,García Pérez,49869006@sima.com,ricardo123,Ingeniería Mecatrónica,5
Miguel,Vargas Soto,27620416@sima.com,miguel123,Ciencias de la Comunicación,9
Elena,Vargas Soto,96348537@sima.com,elena123,Ingeniería de Sistemas e Informática,4
Kevin,Mendoza López,10095961@sima.com,kevin123,Arquitectura,3
Andrea,Cruz Fernández,87151627@sima.com,andrea123,Ingeniería Empresarial,5
Miguel,Castillo Huamán,23310433@sima.com,miguel123,Nutrición y Dietética,3
Elena,Paredes Silva,92969218@sima.com,elena123,Derecho,2
Carlos,García Pérez,96828900@sima.com,carlos123,Tecnología Médica - Terapia Física y Rehabilitación,10
Kevin,Quispe Mamani,81332217@sima.com,kevin123,Derecho,9
Camila,Castillo Huamán,76341872@sima.com,camila123,Ingeniería Empresarial,7
Lucía,Mendoza López,11937376@sima.com,lucía123,Enfermería,9
Daniela,Vargas Soto,20488909@sima.com,daniela123,Ingeniería Civil,7
Fernando,Mendoza López,58161744@sima.com,fernando123,Ingeniería Eléctrica,7
Lucía,Castillo Huamán,23238389@sima.com,lucía123,Tecnología Médica - Radiología,10
Lucía,Vargas Soto,47825972@sima.com,lucía123,Ingeniería de Sistemas e Informática,2
Paula,Quispe Mamani,92701026@sima.com,paula123,Ingeniería Civil,1
Camila,Ramos Medina,17430048@sima.com,camila123,Medicina Humana,6
José,Torres Díaz,89043006@sima.com,josé123,Ingeniería de Minas,10
Jorge,Quispe Mamani,41636934@sima.com,jorge123,Ingeniería de Minas,6
Sofía,Mendoza López,48013902@sima.com,sofía123,Tecnología Médica - Terapia Física y Rehabilitación,8
Kevin,Mendoza López,30493330@sima.com,kevin123,Nutrición y Dietética,9
Diego,Ramos Medina,89009584@sima.com,diego123,Odontología,5
María,Castillo Huamán,33588820@sima.com,maría123,Medicina Humana,10
Luis,Cruz Fernández,43644532@sima.com,luis123,Ingeniería de Minas,7
Sofía,Torres Díaz,93500531@sima.com,sofía123,Odontología,7
Ricardo,Ramos Medina,92823856@sima.com,ricardo123,Odontología,9
Daniela,García Pérez,26350694@sima.com,daniela123,Farmacia y Bioquímica,3
Ana,Castillo Huamán,17301036@sima.com,ana123,Ingeniería Industrial,2
Ana,Vargas Soto,60427341@sima.com,ana123,Derecho,1
Andrea,Paredes Silva,42608630@sima.com,andrea123,Odontología,3
Diego,Torres Díaz,26192238@sima.com,diego123,Derecho,1
José,Mendoza López,78494368@sima.com,josé123,Ingeniería Civil,2
Lucía,Vargas Soto,64690510@sima.com,lucía123,Ingeniería Empresarial,9
Lucía,Torres Díaz,88335148@sima.com,lucía123,Enfermería,1
Ricardo,Paredes Silva,81350806@sima.com,ricardo123,Medicina Humana,3
Camila,Flores Rojas,51836944@sima.com,camila123,Ingeniería de Sistemas e Informática,6
Alonso,Flores Rojas,52290330@sima.com,alonso123,Tecnología Médica - Radiología,8
Ricardo,Castillo Huamán,89830877@sima.com,ricardo123,Tecnología Médica - Terapia Física y Rehabilitación,3
Luis,García Pérez,43070454@sima.com,luis123,Derecho,4
José,Flores Rojas,95086690@sima.com,josé123,Ingeniería Empresarial,8
Diego,Torres Díaz,19817818@sima.com,diego123,Nutrición y Dietética,5
Luis,Paredes Silva,16864426@sima.com,luis123,Ingeniería Eléctrica,7
Kevin,Cruz Fernández,46054074@sima.com,kevin123,Derecho,4
Ricardo,García Pérez,43061522@sima.com,ricardo123,Ciencias de la Comunicación,7
Luis,Castillo Huamán,56806126@sima.com,luis123,Odontología,1
Valeria,García Pérez,42477063@sima.com,valeria123,Ingeniería de Sistemas e Informática,2
Elena,Castillo Huamán,71554034@sima.com,elena123,Tecnología Médica - Laboratorio Clínico y Anatomía Patológica,3
María,Paredes Silva,90173776@sima.com,maría123,Enfermería,6
Ricardo,Flores Rojas,52171156@sima.com,ricardo123,Medicina Humana,9
Sofía,Castillo Huamán,46375994@sima.com,sofía123,Enfermería,10
Diego,Ramos Medina,16295152@sima.com,diego123,Ingeniería Eléctrica,9
José,Cruz Fernández,45517806@sima.com,josé123,Ingeniería Mecánica,2
Diego,Cruz Fernández,59097970@sima.com,diego123,Arquitectura,7
Paula,Castillo Huamán,23592097@sima.com,paula123,Tecnología Médica - Laboratorio Clínico y Anatomía Patológica,5
Miguel,Paredes Silva,20214135@sima.com,miguel123,Derecho,9
Fernando,Mendoza López,75940824@sima.com,fernando123,Ingeniería Industrial,7
Miguel,Cruz Fernández,90906792@sima.com,miguel123,Ciencias de la Comunicación,2
Jorge,Mendoza López,61298886@sima.com,jorge123,Odontología,6
Sofía,Torres Díaz,46520267@sima.com,sofía123,Derecho,10
Lucía,Quispe Mamani,30754866@sima.com,lucía123,Ingeniería Industrial,7
Fernando,Torres Díaz,28240437@sima.com,fernando123,Enfermería,5
Carlos,Paredes Silva,49468329@sima.com,carlos123,Derecho,1
Fernando,Ramos Medina,86533643@sima.com,fernando123,Ciencias de la Comunicación,2
Camila,Vargas Soto,32341606@sima.com,camila123,Tecnología Médica - Radiología,8
Valeria,Torres Díaz,63152975@sima.com,valeria123,Tecnología Médica - Laboratorio Clínico y Anatomía Patológica,10
Miguel,Torres Díaz,59859578@sima.com,miguel123,Ingeniería Eléctrica,5
Sofía,Flores Rojas,41965814@sima.com,sofía123,Enfermería,6
Lucía,Mendoza López,61645959@sima.com,lucía123,Ingeniería Mecatrónica,7
Alonso,Mendoza López,20566558@sima.com,alonso123,Tecnología Médica - Laboratorio Clínico y Anatomía Patológica,10
Fernando,García Pérez,87139066@sima.com,fernando123,Ingeniería Eléctrica,6
Ana,Paredes Silva,73039526@sima.com,ana123,Ingeniería Mecánica,6
Daniela,Castillo Huamán,78928931@sima.com,daniela123,Ingeniería Empresarial,4
Sofía,Paredes Silva,61438743@sima.com,sofía123,Derecho,3
Fernando,García Pérez,49849446@sima.com,fernando123,Tecnología Médica - Terapia Física y Rehabilitación,2
Ana,Vargas Soto,33802984@sima.com,ana123,Ingeniería Eléctrica,9
Jorge,Torres Díaz,37432961@sima.com,jorge123,Ingeniería de Sistemas e Informática,2
Elena,Castillo Huamán,85464349@sima.com,elena123,Tecnología Médica - Radiología,8
Valeria,Castillo Huamán,58745384@sima.com,valeria123,Enfermería,4
Andrea,Paredes Silva,76936845@sima.com,andrea123,Ingeniería de Sistemas e Informática,3
Lucía,García Pérez,77803170@sima.com,lucía123,Enfermería,5
Ricardo,Castillo Huamán,73872458@sima.com,ricardo123,Enfermería,9
Kevin,Ramos Medina,98647771@sima.com,kevin123,Derecho,8
Diego,Torres Díaz,54941284@sima.com,diego123,Nutrición y Dietética,7
Sofía,Ramos Medina,13816170@sima.com,sofía123,Ingeniería Industrial,8
Lucía,Mendoza López,11960056@sima.com,lucía123,Ingeniería Mecatrónica,7
Camila,Mendoza López,86462079@sima.com,camila123,Nutrición y Dietética,5
María,Quispe Mamani,39018808@sima.com,maría123,Odontología,3
Ricardo,Vargas Soto,28822821@sima.com,ricardo123,Medicina Humana,3
Fernando,Cruz Fernández,49720123@sima.com,fernando123,Arquitectura,5
Valeria,Castillo Huamán,87185727@sima.com,valeria123,Ingeniería Eléctrica,4
Camila,Mendoza López,83703597@sima.com,camila123,Ingeniería Mecánica,7
Lucía,Torres Díaz,16439195@sima.com,lucía123,Enfermería,5
Elena,Flores Rojas,13131743@sima.com,elena123,Ingeniería de Sistemas e Informática,1
Luis,Castillo Huamán,68351459@sima.com,luis123,Ingeniería Civil,1
Andrea,Vargas Soto,29469982@sima.com,andrea123,Ciencias de la Comunicación,8
Kevin,Quispe Mamani,48984864@sima.com,kevin123,Ingeniería de Minas,1
Alonso,Flores Rojas,25575696@sima.com,alonso123,Ingeniería Mecatrónica,5
Valeria,Torres Díaz,48079370@sima.com,valeria123,Ingeniería Mecatrónica,6
Diego,Torres Díaz,66162976@sima.com,diego123,Ingeniería Ambiental,2
Ana,Vargas Soto,81757138@sima.com,ana123,Ingeniería Empresarial,4
María,Castillo Huamán,66808776@sima.com,maría123,Ingeniería Ambiental,4
Fernando,Cruz Fernández,51367437@sima.com,fernando123,Ingeniería Empresarial,8
Luis,García Pérez,11471812@sima.com,luis123,Ingeniería Civil,2
Alonso,Castillo Huamán,51935856@sima.com,alonso123,Enfermería,4
Ricardo,Cruz Fernández,49980156@sima.com,ricardo123,Arquitectura,8
Ana,Quispe Mamani,68367506@sima.com,ana123,Ingeniería Civil,10
Ana,Paredes Silva,72841727@sima.com,ana123,Ingeniería Eléctrica,3
Elena,Paredes Silva,57880068@sima.com,elena123,Nutrición y Dietética,4
Camila,García Pérez,47788656@sima.com,camila123,Ingeniería Mecatrónica,9
Ricardo,Torres Díaz,53464289@sima.com,ricardo123,Nutrición y Dietética,8
José,Torres Díaz,73934409@sima.com,josé123,Ciencias de la Comunicación,4
Daniela,Torres Díaz,60069854@sima.com,daniela123,Derecho,6
Camila,Torres Díaz,17654934@sima.com,camila123,Ciencias de la Comunicación,4
Fernando,Flores Rojas,55939853@sima.com,fernando123,Ingeniería Empresarial,8
Luis,Vargas Soto,87178264@sima.com,luis123,Ingeniería de Sistemas e Informática,2
Valeria,Ramos Medina,16085318@sima.com,valeria123,Ingeniería Eléctrica,9
María,Mendoza López,37911612@sima.com,maría123,Ingeniería Empresarial,6
Elena,Torres Díaz,34939785@sima.com,elena123,Tecnología Médica - Radiología,9
Kevin,Quispe Mamani,10997177@sima.com,kevin123,Tecnología Médica - Terapia Física y Rehabilitación,4
Alonso,Cruz Fernández,49413313@sima.com,alonso123,Ingeniería de Sistemas e Informática,6
Luis,Cruz Fernández,60911574@sima.com,luis123,Ingeniería de Minas,7
Ricardo,Vargas Soto,80647396@sima.com,ricardo123,Enfermería,8
Miguel,Ramos Medina,55255300@sima.com,miguel123,Enfermería,4
Ricardo,Cruz Fernández,40291016@sima.com,ricardo123,Farmacia y Bioquímica,1
María,Castillo Huamán,54240256@sima.com,maría123,Tecnología Médica - Laboratorio Clínico y Anatomía Patológica,10
Alonso,Torres Díaz,76857219@sima.com,alonso123,Arquitectura,8
Alonso,García Pérez,21182283@sima.com,alonso123,Derecho,4
Luis,Paredes Silva,92405883@sima.com,luis123,Ingeniería de Sistemas e Informática,8
Andrea,Castillo Huamán,52052596@sima.com,andrea123,Ingeniería de Minas,1
Fernando,Castillo Huamán,11727082@sima.com,fernando123,Ingeniería Civil,8
Elena,García Pérez,32007018@sima.com,elena123,Nutrición y Dietética,2
Daniela,Mendoza López,54856960@sima.com,daniela123,Odontología,10
María,Castillo Huamán,34443889@sima.com,maría123,Medicina Humana,6
Valeria,Castillo Huamán,73660381@sima.com,valeria123,Arquitectura,9
José,Mendoza López,25007938@sima.com,josé123,Ingeniería de Sistemas e Informática,7
Kevin,Quispe Mamani,71327511@sima.com,kevin123,Medicina Humana,10
Ricardo,Ramos Medina,15881278@sima.com,ricardo123,Arquitectura,9
Alonso,Paredes Silva,80430146@sima.com,alonso123,Enfermería,4
Alonso,Vargas Soto,10037888@sima.com,alonso123,Ingeniería Mecánica,7
Camila,Torres Díaz,80207948@sima.com,camila123,Ingeniería de Minas,7
Ana,Ramos Medina,74265139@sima.com,ana123,Medicina Humana,7
María,Torres Díaz,19781495@sima.com,maría123,Ingeniería Civil,4
Luis,Flores Rojas,90349962@sima.com,luis123,Ciencias de la Comunicación,1
Lucía,Flores Rojas,48847413@sima.com,lucía123,Tecnología Médica - Radiología,6
Miguel,García Pérez,31225283@sima.com,miguel123,Derecho,8
Kevin,Mendoza López,53333962@sima.com,kevin123,Nutrición y Dietética,4
Valeria,Vargas Soto,57602254@sima.com,valeria123,Farmacia y Bioquímica,7
Paula,García Pérez,38019181@sima.com,paula123,Ingeniería Eléctrica,10
Lucía,Flores Rojas,23277680@sima.com,lucía123,Tecnología Médica - Radiología,2
Luis,Vargas Soto,63253949@sima.com,luis123,Ingeniería de Minas,6
Kevin,Cruz Fernández,26414137@sima.com,kevin123,Tecnología Médica - Radiología,5
Elena,Flores Rojas,19775918@sima.com,elena123,Ingeniería Eléctrica,5
Paula,Vargas Soto,75200490@sima.com,paula123,Ciencias de la Comunicación,4
Elena,Castillo Huamán,99995139@sima.com,elena123,Tecnología Médica - Laboratorio Clínico y Anatomía Patológica,3
Luis,Cruz Fernández,90109478@sima.com,luis123,Ingeniería Ambiental,9
Andrea,García Pérez,77762778@sima.com,andrea123,Enfermería,9
Diego,Paredes Silva,49794286@sima.com,diego123,Ciencias de la Comunicación,3
Elena,Torres Díaz,93062770@sima.com,elena123,Nutrición y Dietética,7
Carlos,Flores Rojas,44520214@sima.com,carlos123,Ingeniería Eléctrica,5
Valeria,Torres Díaz,61409678@sima.com,valeria123,Derecho,7
Daniela,Vargas Soto,69955881@sima.com,daniela123,Ciencias de la Comunicación,6
Fernando,Castillo Huamán,44981067@sima.com,fernando123,Tecnología Médica - Radiología,5
Luis,Cruz Fernández,29015713@sima.com,luis123,Ingeniería Mecánica,6
Valeria,Quispe Mamani,59272367@sima.com,valeria123,Medicina Humana,6
Sofía,Castillo Huamán,79614530@sima.com,sofía123,Ciencias de la Comunicación,4
Camila,Castillo Huamán,79606627@sima.com,camila123,Odontología,5
Kevin,Mendoza López,37258742@sima.com,kevin123,Derecho,1
Lucía,Ramos Medina,97807847@sima.com,lucía123,Ingeniería Mecánica,4
Elena,Paredes Silva,68453246@sima.com,elena123,Arquitectura,9
María,Torres Díaz,72527460@sima.com,maría123,Farmacia y Bioquímica,1
Fernando,Ramos Medina,56967046@sima.com,fernando123,Farmacia y Bioquímica,1
Alonso,Paredes Silva,39670954@sima.com,alonso123,Ingeniería Civil,7
José,Quispe Mamani,32554472@sima.com,josé123,Ingeniería de Minas,6
Sofía,Cruz Fernández,24503962@sima.com,sofía123,Farmacia y Bioquímica,1
Fernando,Mendoza López,35702869@sima.com,fernando123,Medicina Humana,7
Carlos,Ramos Medina,88626268@sima.com,carlos123,Odontología,8
Alonso,Flores Rojas,25816167@sima.com,alonso123,Ingeniería Ambiental,8
Luis,Cruz Fernández,23472452@sima.com,luis123,Farmacia y Bioquímica,2
Diego,Cruz Fernández,34364274@sima.com,diego123,Odontología,8
Paula,García Pérez,39372335@sima.com,paula123,Ingeniería Ambiental,10
Andrea,Paredes Silva,93080618@sima.com,andrea123,Nutrición y Dietética,4
Paula,García Pérez,33829751@sima.com,paula123,Ingeniería Mecatrónica,10
Luis,Castillo Huamán,93928462@sima.com,luis123,Nutrición y Dietética,3
Alonso,Quispe Mamani,73534305@sima.com,alonso123,Ingeniería Industrial,5
Daniela,Quispe Mamani,99943514@sima.com,daniela123,Ingeniería Industrial,8
Luis,Ramos Medina,33541982@sima.com,luis123,Ciencias de la Comunicación,8
Daniela,García Pérez,53065857@sima.com,daniela123,Derecho,1
Diego,Flores Rojas,70603990@sima.com,diego123,Nutrición y Dietética,8
Kevin,Castillo Huamán,81264947@sima.com,kevin123,Farmacia y Bioquímica,1
Miguel,Castillo Huamán,64878904@sima.com,miguel123,Ciencias de la Comunicación,3
José,Paredes Silva,13468304@sima.com,josé123,Ingeniería Mecánica,9
Kevin,Vargas Soto,87227010@sima.com,kevin123,Ingeniería Civil,7
Andrea,Quispe Mamani,23733705@sima.com,andrea123,Medicina Humana,10
Alonso,Vargas Soto,20717853@sima.com,alonso123,Ingeniería Eléctrica,9
Elena,Cruz Fernández,31606593@sima.com,elena123,Enfermería,7
Andrea,Quispe Mamani,82069605@sima.com,andrea123,Ingeniería Civil,9
Daniela,Quispe Mamani,48236986@sima.com,daniela123,Enfermería,10
José,Quispe Mamani,28275328@sima.com,josé123,Enfermería,5
Andrea,Vargas Soto,91085592@sima.com,andrea123,Ingeniería Eléctrica,4
Fernando,Cruz Fernández,91300315@sima.com,fernando123,Enfermería,3
Ana,Flores Rojas,70500788@sima.com,ana123,Ingeniería de Sistemas e Informática,7
Valeria,Torres Díaz,63795032@sima.com,valeria123,Ingeniería Industrial,8
Sofía,Castillo Huamán,20401617@sima.com,sofía123,Ingeniería Civil,5
Valeria,Castillo Huamán,48002867@sima.com,valeria123,Derecho,9
Alonso,Paredes Silva,55009267@sima.com,alonso123,Ingeniería Civil,2
Camila,Cruz Fernández,33460460@sima.com,camila123,Ingeniería Ambiental,10
Luis,Torres Díaz,30276133@sima.com,luis123,Tecnología Médica - Laboratorio Clínico y Anatomía Patológica,3
Fernando,Quispe Mamani,78659986@sima.com,fernando123,Medicina Humana,3
Fernando,Flores Rojas,97584050@sima.com,fernando123,Ingeniería Mecatrónica,8
Sofía,Vargas Soto,87755626@sima.com,sofía123,Ingeniería Mecánica,4
Carlos,Vargas Soto,78259506@sima.com,carlos123,Farmacia y Bioquímica,6
Diego,Torres Díaz,83160745@sima.com,diego123,Farmacia y Bioquímica,7
Ricardo,Mendoza López,49565939@sima.com,ricardo123,Ingeniería Mecánica,5
María,García Pérez,52539272@sima.com,maría123,Medicina Humana,10
Camila,Torres Díaz,12378767@sima.com,camila123,Ciencias de la Comunicación,2
Fernando,Torres Díaz,39920814@sima.com,fernando123,Ciencias de la Comunicación,2
Andrea,Vargas Soto,72947655@sima.com,andrea123,Ciencias de la Comunicación,9
Daniela,Castillo Huamán,64771430@sima.com,daniela123,Medicina Humana,8
Alonso,Mendoza López,82912180@sima.com,alonso123,Ingeniería Mecánica,1
Andrea,García Pérez,16885503@sima.com,andrea123,Ingeniería Eléctrica,3
Andrea,Cruz Fernández,72365769@sima.com,andrea123,Tecnología Médica - Terapia Física y Rehabilitación,7
Daniela,García Pérez,23534495@sima.com,daniela123,Ingeniería de Minas,6
Ana,Torres Díaz,51279144@sima.com,ana123,Enfermería,5
Elena,Torres Díaz,65058408@sima.com,elena123,Ciencias de la Comunicación,2
Miguel,García Pérez,35388000@sima.com,miguel123,Ingeniería Ambiental,6
Paula,Mendoza López,18407418@sima.com,paula123,Derecho,1
José,Cruz Fernández,88922062@sima.com,josé123,Ingeniería Ambiental,6
Andrea,Paredes Silva,41987072@sima.com,andrea123,Ingeniería Eléctrica,7
Camila,Cruz Fernández,76044041@sima.com,camila123,Ingeniería Industrial,7
Fernando,Ramos Medina,38645240@sima.com,fernando123,Odontología,4
Miguel,García Pérez,60853446@sima.com,miguel123,Odontología,1
Luis,Mendoza López,25453256@sima.com,luis123,Ingeniería Mecatrónica,8
Fernando,Cruz Fernández,18128929@sima.com,fernando123,Ingeniería Industrial,6
José,García Pérez,24725948@sima.com,josé123,Ingeniería Eléctrica,4
Camila,Castillo Huamán,56466755@sima.com,camila123,Enfermería,5
Ricardo,García Pérez,11814317@sima.com,ricardo123,Ingeniería Eléctrica,4
Daniela,Paredes Silva,45381348@sima.com,daniela123,Ingeniería de Minas,10
Ana,Torres Díaz,48491532@sima.com,ana123,Ciencias de la Comunicación,10
Alonso,Torres Díaz,90927741@sima.com,alonso123,Ingeniería Eléctrica,1
Ana,Cruz Fernández,49788452@sima.com,ana123,Ingeniería Empresarial,3
Luis,Ramos Medina,85692569@sima.com,luis123,Ingeniería Mecánica,8
Jorge,Vargas Soto,26356089@sima.com,jorge123,Farmacia y Bioquímica,7
Daniela,Flores Rojas,91778911@sima.com,daniela123,Ingeniería de Minas,9
Ana,Flores Rojas,39819733@sima.com,ana123,Ingeniería Civil,6
Diego,Paredes Silva,86269545@sima.com,diego123,Ingeniería Eléctrica,4
Valeria,Vargas Soto,32395786@sima.com,valeria123,Medicina Humana,1
María,Ramos Medina,14717606@sima.com,maría123,Medicina Humana,1
María,Vargas Soto,36224970@sima.com,maría123,Ingeniería de Sistemas e Informática,8
José,Flores Rojas,63916579@sima.com,josé123,Medicina Humana,5
José,Flores Rojas,65679392@sima.com,josé123,Derecho,6
José,Ramos Medina,14470205@sima.com,josé123,Medicina Humana,4
Elena,Torres Díaz,98376678@sima.com,elena123,Ingeniería Mecatrónica,4
Paula,García Pérez,97842691@sima.com,paula123,Ingeniería de Minas,4
Valeria,Mendoza López,80393367@sima.com,valeria123,Ingeniería Eléctrica,9
María,Mendoza López,64435637@sima.com,maría123,Tecnología Médica - Radiología,6
Valeria,Torres Díaz,35805718@sima.com,valeria123,Ingeniería Civil,6
Luis,Paredes Silva,88032740@sima.com,luis123,Enfermería,10
Camila,Ramos Medina,29020618@sima.com,camila123,Ingeniería Mecatrónica,3
Ricardo,Vargas Soto,70791952@sima.com,ricardo123,Farmacia y Bioquímica,1
Jorge,Vargas Soto,12988337@sima.com,jorge123,Tecnología Médica - Radiología,8
María,Paredes Silva,79752670@sima.com,maría123,Ingeniería Empresarial,7
Elena,Quispe Mamani,16670020@sima.com,elena123,Ciencias de la Comunicación,6
María,Quispe Mamani,71856698@sima.com,maría123,Nutrición y Dietética,7
José,Vargas Soto,32697695@sima.com,josé123,Ingeniería de Sistemas e Informática,3
Diego,Mendoza López,66797533@sima.com,diego123,Ciencias de la Comunicación,7
Paula,Vargas Soto,67585483@sima.com,paula123,Ingeniería Industrial,8
Luis,Cruz Fernández,50379647@sima.com,luis123,Tecnología Médica - Laboratorio Clínico y Anatomía Patológica,3
Kevin,Ramos Medina,57102464@sima.com,kevin123,Enfermería,3
Paula,Quispe Mamani,64517040@sima.com,paula123,Ingeniería Industrial,2
José,García Pérez,62050891@sima.com,josé123,Ingeniería de Minas,6
Paula,Castillo Huamán,90869926@sima.com,paula123,Ingeniería Eléctrica,8
Diego,Vargas Soto,31528723@sima.com,diego123,Medicina Humana,10
Alonso,Cruz Fernández,25412835@sima.com,alonso123,Ingeniería de Minas,8
Camila,Paredes Silva,53329966@sima.com,camila123,Ingeniería de Minas,10
Valeria,Vargas Soto,84001048@sima.com,valeria123,Ingeniería de Minas,1
Andrea,Torres Díaz,96081954@sima.com,andrea123,Tecnología Médica - Radiología,6
Miguel,Flores Rojas,56594931@sima.com,miguel123,Ingeniería Ambiental,2
Alonso,Cruz Fernández,38701367@sima.com,alonso123,Odontología,9
Ana,Vargas Soto,84532469@sima.com,ana123,Derecho,10
Alonso,Quispe Mamani,16354224@sima.com,alonso123,Ingeniería Eléctrica,1
Miguel,Torres Díaz,90263704@sima.com,miguel123,Ingeniería Eléctrica,8
Kevin,Ramos Medina,10852049@sima.com,kevin123,Ingeniería Mecánica,1
María,Paredes Silva,71776851@sima.com,maría123,Tecnología Médica - Terapia Física y Rehabilitación,6
Andrea,Castillo Huamán,78776955@sima.com,andrea123,Ingeniería Eléctrica,1
Ricardo,Cruz Fernández,97725574@sima.com,ricardo123,Ingeniería Mecatrónica,8
Kevin,García Pérez,63918537@sima.com,kevin123,Ingeniería Industrial,2
Daniela,García Pérez,86284973@sima.com,daniela123,Medicina Humana,5
Luis,Quispe Mamani,57560774@sima.com,luis123,Odontología,2
Fernando,Vargas Soto,60530871@sima.com,fernando123,Ingeniería Mecatrónica,4
Camila,Castillo Huamán,94063701@sima.com,camila123,Nutrición y Dietética,3
Carlos,Castillo Huamán,55594445@sima.com,carlos123,Tecnología Médica - Laboratorio Clínico y Anatomía Patológica,3
Ricardo,Ramos Medina,99685229@sima.com,ricardo123,Ingeniería Ambiental,4
Paula,Cruz Fernández,38550695@sima.com,paula123,Ingeniería de Minas,4
Diego,Ramos Medina,52478511@sima.com,diego123,Derecho,8
Sofía,Flores Rojas,94595047@sima.com,sofía123,Ingeniería Empresarial,8
Ricardo,García Pérez,51226170@sima.com,ricardo123,Tecnología Médica - Radiología,5
Jorge,Quispe Mamani,30577490@sima.com,jorge123,Medicina Humana,1
Kevin,Flores Rojas,41433697@sima.com,kevin123,Odontología,5
Fernando,Quispe Mamani,92109420@sima.com,fernando123,Ingeniería Mecánica,3
Valeria,Paredes Silva,31593175@sima.com,valeria123,Ingeniería Mecánica,10
Andrea,Flores Rojas,49544620@sima.com,andrea123,Tecnología Médica - Laboratorio Clínico y Anatomía Patológica,7
Camila,Paredes Silva,61771835@sima.com,camila123,Ingeniería Civil,9
Diego,Ramos Medina,36621898@sima.com,diego123,Ingeniería Industrial,3
Jorge,Torres Díaz,52361990@sima.com,jorge123,Ingeniería Empresarial,6
Luis,Mendoza López,59990993@sima.com,luis123,Ingeniería Empresarial,9
Alonso,Vargas Soto,61126893@sima.com,alonso123,Tecnología Médica - Laboratorio Clínico y Anatomía Patológica,4
Fernando,Mendoza López,87978337@sima.com,fernando123,Ingeniería Industrial,8
Lucía,Vargas Soto,26872269@sima.com,lucía123,Ingeniería Mecatrónica,8
Kevin,Torres Díaz,97849076@sima.com,kevin123,Arquitectura,1
Camila,Mendoza López,85279554@sima.com,camila123,Ingeniería Mecatrónica,3
Alonso,Mendoza López,23848665@sima.com,alonso123,Tecnología Médica - Laboratorio Clínico y Anatomía Patológica,1
Fernando,Quispe Mamani,91883288@sima.com,fernando123,Ingeniería Industrial,7
María,Torres Díaz,82319118@sima.com,maría123,Arquitectura,8
Valeria,Ramos Medina,59900838@sima.com,valeria123,Enfermería,5
Alonso,Castillo Huamán,90715735@sima.com,alonso123,Ingeniería Eléctrica,3
Carlos,Quispe Mamani,32364753@sima.com,carlos123,Odontología,6
Ricardo,Flores Rojas,38186914@sima.com,ricardo123,Medicina Humana,7
Miguel,Vargas Soto,59814451@sima.com,miguel123,Tecnología Médica - Terapia Física y Rehabilitación,5
Paula,Quispe Mamani,78813729@sima.com,paula123,Ingeniería Industrial,4
Camila,Vargas Soto,50947834@sima.com,camila123,Nutrición y Dietética,6
Kevin,Paredes Silva,43130953@sima.com,kevin123,Ingeniería Industrial,5
Valeria,Cruz Fernández,78524362@sima.com,valeria123,Ingeniería de Sistemas e Informática,6
Luis,García Pérez,79753306@sima.com,luis123,Nutrición y Dietética,6
Kevin,Quispe Mamani,73595719@sima.com,kevin123,Ciencias de la Comunicación,10
Elena,Torres Díaz,29633870@sima.com,elena123,Ingeniería de Sistemas e Informática,7
Daniela,Quispe Mamani,76350377@sima.com,daniela123,Ingeniería de Sistemas e Informática,7
Kevin,Torres Díaz,15315758@sima.com,kevin123,Ingeniería Industrial,7
Paula,Castillo Huamán,23591102@sima.com,paula123,Arquitectura,9
Kevin,Quispe Mamani,67551009@sima.com,kevin123,Tecnología Médica - Terapia Física y Rehabilitación,3
José,Ramos Medina,12743358@sima.com,josé123,Ciencias de la Comunicación,5
Valeria,Quispe Mamani,10657730@sima.com,valeria123,Odontología,1
Valeria,Flores Rojas,69659487@sima.com,valeria123,Tecnología Médica - Radiología,1
Valeria,García Pérez,99347486@sima.com,valeria123,Ingeniería de Sistemas e Informática,3
Daniela,Vargas Soto,44745538@sima.com,daniela123,Arquitectura,3
Jorge,Ramos Medina,35813091@sima.com,jorge123,Ingeniería Mecánica,6
Paula,Quispe Mamani,62243006@sima.com,paula123,Tecnología Médica - Laboratorio Clínico y Anatomía Patológica,5
Paula,Vargas Soto,15920519@sima.com,paula123,Nutrición y Dietética,5
Kevin,Paredes Silva,98371239@sima.com,kevin123,Farmacia y Bioquímica,6
Diego,Quispe Mamani,95529761@sima.com,diego123,Ingeniería Mecatrónica,4
José,García Pérez,34657079@sima.com,josé123,Ingeniería Empresarial,1
Lucía,Ramos Medina,35782801@sima.com,lucía123,Derecho,6
Miguel,Castillo Huamán,44886546@sima.com,miguel123,Tecnología Médica - Radiología,7
Valeria,Cruz Fernández,65924033@sima.com,valeria123,Ingeniería Ambiental,2
Paula,Castillo Huamán,52786765@sima.com,paula123,Ingeniería Industrial,6
Lucía,Castillo Huamán,56731957@sima.com,lucía123,Tecnología Médica - Terapia Física y Rehabilitación,8
Andrea,Quispe Mamani,92710411@sima.com,andrea123,Farmacia y Bioquímica,7
Andrea,Torres Díaz,92217925@sima.com,andrea123,Ingeniería Ambiental,10
Paula,Vargas Soto,66469377@sima.com,paula123,Ingeniería de Sistemas e Informática,2
Ricardo,Castillo Huamán,87170652@sima.com,ricardo123,Medicina Humana,9
Ana,Mendoza López,53058451@sima.com,ana123,Ingeniería de Minas,3
Fernando,Castillo Huamán,26650761@sima.com,fernando123,Nutrición y Dietética,9
María,Ramos Medina,73132570@sima.com,maría123,Enfermería,1
Miguel,Quispe Mamani,49496406@sima.com,miguel123,Ingeniería Industrial,1
Jorge,Ramos Medina,74604261@sima.com,jorge123,Odontología,3
Andrea,Vargas Soto,86162007@sima.com,andrea123,Derecho,2
Daniela,García Pérez,41792434@sima.com,daniela123,Odontología,10
Ricardo,Paredes Silva,46942793@sima.com,ricardo123,Nutrición y Dietética,4
Valeria,Mendoza López,74662516@sima.com,valeria123,Tecnología Médica - Radiología,2
Sofía,Castillo Huamán,96853815@sima.com,sofía123,Derecho,2
Jorge,Mendoza López,21784674@sima.com,jorge123,Tecnología Médica - Terapia Física y Rehabilitación,3
José,Mendoza López,12530766@sima.com,josé123,Ingeniería de Minas,1
Valeria,Ramos Medina,42694224@sima.com,valeria123,Derecho,3
Camila,Cruz Fernández,96009098@sima.com,camila123,Ingeniería Civil,4
Valeria,Torres Díaz,91325721@sima.com,valeria123,Ingeniería de Sistemas e Informática,2
Camila,Ramos Medina,82252730@sima.com,camila123,Ingeniería Industrial,4
Andrea,García Pérez,61454112@sima.com,andrea123,Derecho,2
Ricardo,Mendoza López,15560240@sima.com,ricardo123,Farmacia y Bioquímica,4
José,Cruz Fernández,78920860@sima.com,josé123,Ingeniería Mecánica,10
Kevin,García Pérez,72371845@sima.com,kevin123,Medicina Humana,8
Fernando,Vargas Soto,17643474@sima.com,fernando123,Farmacia y Bioquímica,4
Lucía,Vargas Soto,46161131@sima.com,lucía123,Enfermería,7
Paula,Paredes Silva,61078338@sima.com,paula123,Ingeniería Empresarial,5
Carlos,Cruz Fernández,35785561@sima.com,carlos123,Ingeniería Civil,9
Fernando,Vargas Soto,18573331@sima.com,fernando123,Ingeniería Mecánica,7
Paula,Cruz Fernández,29461648@sima.com,paula123,Tecnología Médica - Laboratorio Clínico y Anatomía Patológica,1
Fernando,Paredes Silva,24432585@sima.com,fernando123,Tecnología Médica - Laboratorio Clínico y Anatomía Patológica,2
Daniela,Castillo Huamán,94052567@sima.com,daniela123,Ingeniería de Minas,4
Ricardo,Ramos Medina,63744276@sima.com,ricardo123,Ingeniería de Minas,6
Diego,Vargas Soto,54978658@sima.com,diego123,Ingeniería de Sistemas e Informática,10
Fernando,Castillo Huamán,45913078@sima.com,fernando123,Tecnología Médica - Terapia Física y Rehabilitación,2
Ricardo,García Pérez,59119286@sima.com,ricardo123,Enfermería,6
Ana,García Pérez,98159182@sima.com,ana123,Ingeniería de Minas,2
María,Cruz Fernández,96897138@sima.com,maría123,Odontología,4
Diego,Torres Díaz,66878412@sima.com,diego123,Ingeniería Industrial,7
Andrea,Torres Díaz,63992783@sima.com,andrea123,Ingeniería Mecánica,1
Ricardo,Quispe Mamani,85468458@sima.com,ricardo123,Tecnología Médica - Terapia Física y Rehabilitación,5
Andrea,Castillo Huamán,12283709@sima.com,andrea123,Tecnología Médica - Radiología,1
María,Quispe Mamani,66697280@sima.com,maría123,Arquitectura,1
Kevin,García Pérez,43337186@sima.com,kevin123,Ingeniería Mecánica,9
Ana,Vargas Soto,97505282@sima.com,ana123,Ingeniería Mecatrónica,6
Daniela,Cruz Fernández,56358153@sima.com,daniela123,Ciencias de la Comunicación,2
Elena,Torres Díaz,16814798@sima.com,elena123,Odontología,8
Luis,Mendoza López,75257735@sima.com,luis123,Ciencias de la Comunicación,8
Diego,Quispe Mamani,32239496@sima.com,diego123,Derecho,9
Fernando,Castillo Huamán,11841889@sima.com,fernando123,Arquitectura,6
Fernando,Cruz Fernández,76206775@sima.com,fernando123,Ingeniería Ambiental,10
María,García Pérez,52653297@sima.com,maría123,Ingeniería Empresarial,10
Ana,Ramos Medina,19116187@sima.com,ana123,Ingeniería Eléctrica,8
Camila,Quispe Mamani,64844529@sima.com,camila123,Medicina Humana,5
Miguel,García Pérez,89606841@sima.com,miguel123,Arquitectura,1
Ana,Quispe Mamani,79400994@sima.com,ana123,Tecnología Médica - Laboratorio Clínico y Anatomía Patológica,6
María,Vargas Soto,49298331@sima.com,maría123,Farmacia y Bioquímica,4
María,Vargas Soto,44843950@sima.com,maría123,Tecnología Médica - Radiología,4
José,Castillo Huamán,60114247@sima.com,josé123,Arquitectura,6
Alonso,Flores Rojas,79404264@sima.com,alonso123,Farmacia y Bioquímica,9
Elena,Ramos Medina,45679174@sima.com,elena123,Odontología,3
Daniela,Vargas Soto,46146426@sima.com,daniela123,Ingeniería Empresarial,4
José,García Pérez,46763869@sima.com,josé123,Nutrición y Dietética,6
María,Quispe Mamani,79235005@sima.com,maría123,Ingeniería de Minas,10
Diego,Paredes Silva,89905944@sima.com,diego123,Ingeniería Mecatrónica,10
José,Paredes Silva,79170270@sima.com,josé123,Farmacia y Bioquímica,7
Carlos,Ramos Medina,77696203@sima.com,carlos123,Tecnología Médica - Radiología,6
Camila,Mendoza López,30137903@sima.com,camila123,Nutrición y Dietética,6
Valeria,Vargas Soto,80996910@sima.com,valeria123,Medicina Humana,8
Jorge,García Pérez,95982792@sima.com,jorge123,Nutrición y Dietética,9
Diego,Vargas Soto,92029808@sima.com,diego123,Ingeniería Industrial,2
Ana,Cruz Fernández,37979439@sima.com,ana123,Ingeniería Empresarial,6
Camila,Mendoza López,68706214@sima.com,camila123,Derecho,7
Sofía,Cruz Fernández,56606758@sima.com,sofía123,Nutrición y Dietética,10
Ricardo,Ramos Medina,57780863@sima.com,ricardo123,Ingeniería Mecánica,7
Elena,Castillo Huamán,17675710@sima.com,elena123,Tecnología Médica - Terapia Física y Rehabilitación,1
José,Torres Díaz,95664711@sima.com,josé123,Enfermería,3
Diego,García Pérez,44269205@sima.com,diego123,Medicina Humana,10
María,Vargas Soto,70757137@sima.com,maría123,Ingeniería de Sistemas e Informática,6
Fernando,Paredes Silva,63404567@sima.com,fernando123,Ingeniería Mecánica,6
Sofía,Quispe Mamani,19854817@sima.com,sofía123,Ingeniería de Minas,7
Andrea,Castillo Huamán,62047386@sima.com,andrea123,Ingeniería Eléctrica,6
Ana,Castillo Huamán,72418894@sima.com,ana123,Odontología,5
Andrea,Vargas Soto,36641088@sima.com,andrea123,Enfermería,8
Valeria,Vargas Soto,38976825@sima.com,valeria123,Ingeniería Ambiental,3
Miguel,García Pérez,61464920@sima.com,miguel123,Ingeniería Mecánica,6
Ana,Cruz Fernández,80070267@sima.com,ana123,Nutrición y Dietética,1
Lucía,Torres Díaz,84342865@sima.com,lucía123,Ciencias de la Comunicación,4
Luis,Castillo Huamán,93788981@sima.com,luis123,Ingeniería de Sistemas e Informática,3
Alonso,Vargas Soto,75709987@sima.com,alonso123,Tecnología Médica - Laboratorio Clínico y Anatomía Patológica,5
Camila,Paredes Silva,64396369@sima.com,camila123,Nutrición y Dietética,8
Ana,Quispe Mamani,70673467@sima.com,ana123,Ingeniería de Minas,9
Fernando,Vargas Soto,85195685@sima.com,fernando123,Enfermería,5
Andrea,Paredes Silva,18874579@sima.com,andrea123,Ingeniería Ambiental,8
Andrea,García Pérez,78363270@sima.com,andrea123,Enfermería,6
Fernando,Castillo Huamán,72022203@sima.com,fernando123,Arquitectura,3
Ana,Cruz Fernández,51502989@sima.com,ana123,Ingeniería Mecánica,2
Andrea,Torres Díaz,27035644@sima.com,andrea123,Tecnología Médica - Radiología,10
Daniela,Mendoza López,44140405@sima.com,daniela123,Ingeniería de Sistemas e Informática,9
Valeria,Castillo Huamán,46844854@sima.com,valeria123,Nutrición y Dietética,3
Daniela,García Pérez,28054762@sima.com,daniela123,Ingeniería Civil,1
Diego,Castillo Huamán,44658537@sima.com,diego123,Arquitectura,7
José,Mendoza López,93999193@sima.com,josé123,Ciencias de la Comunicación,9
Lucía,Castillo Huamán,88518955@sima.com,lucía123,Ingeniería Mecatrónica,10
María,Torres Díaz,70838239@sima.com,maría123,Medicina Humana,5
Camila,García Pérez,63533092@sima.com,camila123,Ingeniería Empresarial,4
Kevin,Torres Díaz,60625939@sima.com,kevin123,Ingeniería Mecatrónica,1
Carlos,Castillo Huamán,69448251@sima.com,carlos123,Odontología,5
José,Castillo Huamán,90355011@sima.com,josé123,Ingeniería Eléctrica,1
Lucía,Torres Díaz,51608469@sima.com,lucía123,Enfermería,8
Jorge,Torres Díaz,83500157@sima.com,jorge123,Tecnología Médica - Laboratorio Clínico y Anatomía Patológica,2
Alonso,Vargas Soto,48613512@sima.com,alonso123,Derecho,10
Diego,Torres Díaz,40558171@sima.com,diego123,Ingeniería de Sistemas e Informática,9
Miguel,Paredes Silva,38689204@sima.com,miguel123,Odontología,10
María,García Pérez,97351234@sima.com,maría123,Odontología,7
Fernando,Torres Díaz,38011550@sima.com,fernando123,Tecnología Médica - Laboratorio Clínico y Anatomía Patológica,2
Ricardo,Castillo Huamán,45506268@sima.com,ricardo123,Ingeniería Mecatrónica,6
Fernando,García Pérez,18496312@sima.com,fernando123,Derecho,6
José,Mendoza López,20005254@sima.com,josé123,Odontología,3
Fernando,Ramos Medina,77128364@sima.com,fernando123,Ingeniería Eléctrica,8
Carlos,Mendoza López,62430965@sima.com,carlos123,Odontología,4
Ricardo,Ramos Medina,58922485@sima.com,ricardo123,Ingeniería Mecatrónica,2
Sofía,Mendoza López,62361104@sima.com,sofía123,Farmacia y Bioquímica,8
Lucía,Quispe Mamani,50304587@sima.com,lucía123,Ciencias de la Comunicación,5
Diego,García Pérez,62817203@sima.com,diego123,Ciencias de la Comunicación,5
María,Paredes Silva,21942708@sima.com,maría123,Nutrición y Dietética,4
Andrea,Paredes Silva,64360588@sima.com,andrea123,Enfermería,3
Jorge,Mendoza López,29721232@sima.com,jorge123,Ingeniería de Sistemas e Informática,1
Jorge,Vargas Soto,79103650@sima.com,jorge123,Ingeniería Eléctrica,3
Alonso,Torres Díaz,68692487@sima.com,alonso123,Tecnología Médica - Radiología,8
Luis,Castillo Huamán,66609048@sima.com,luis123,Ingeniería Mecatrónica,2
Camila,Castillo Huamán,18626753@sima.com,camila123,Arquitectura,5
Diego,Quispe Mamani,46962384@sima.com,diego123,Enfermería,4
Paula,Flores Rojas,30571220@sima.com,paula123,Tecnología Médica - Laboratorio Clínico y Anatomía Patológica,1
Andrea,Ramos Medina,62237164@sima.com,andrea123,Ingeniería de Minas,9
Luis,Flores Rojas,85606976@sima.com,luis123,Tecnología Médica - Terapia Física y Rehabilitación,10
Paula,Quispe Mamani,82219144@sima.com,paula123,Farmacia y Bioquímica,8
Ricardo,Mendoza López,17808172@sima.com,ricardo123,Enfermería,3
Carlos,Quispe Mamani,99441175@sima.com,carlos123,Ingeniería Industrial,2
Fernando,García Pérez,80287265@sima.com,fernando123,Ciencias de la Comunicación,6
Alonso,Quispe Mamani,67462574@sima.com,alonso123,Ciencias de la Comunicación,1
Alonso,Paredes Silva,48402861@sima.com,alonso123,Ingeniería Ambiental,4
Ana,Mendoza López,76176342@sima.com,ana123,Ingeniería Mecatrónica,9
María,Castillo Huamán,23750058@sima.com,maría123,Ingeniería Ambiental,3
Andrea,Torres Díaz,85777975@sima.com,andrea123,Ingeniería de Sistemas e Informática,3
Andrea,García Pérez,51929716@sima.com,andrea123,Tecnología Médica - Radiología,9
Elena,Paredes Silva,78472533@sima.com,elena123,Nutrición y Dietética,4
Elena,Vargas Soto,11408887@sima.com,elena123,Ciencias de la Comunicación,6
Camila,Paredes Silva,69070294@sima.com,camila123,Ciencias de la Comunicación,4
Paula,Ramos Medina,23622295@sima.com,paula123,Farmacia y Bioquímica,6
Alonso,Flores Rojas,73893095@sima.com,alonso123,Tecnología Médica - Laboratorio Clínico y Anatomía Patológica,10
Lucía,Paredes Silva,56659660@sima.com,lucía123,Ingeniería Ambiental,3
Andrea,Quispe Mamani,79834068@sima.com,andrea123,Ciencias de la Comunicación,3
José,Ramos Medina,11561211@sima.com,josé123,Tecnología Médica - Laboratorio Clínico y Anatomía Patológica,8
Kevin,Cruz Fernández,29854688@sima.com,kevin123,Ingeniería de Sistemas e Informática,2
Jorge,Flores Rojas,97752214@sima.com,jorge123,Arquitectura,9
Valeria,Torres Díaz,12598776@sima.com,valeria123,Tecnología Médica - Terapia Física y Rehabilitación,7
Jorge,Castillo Huamán,93913237@sima.com,jorge123,Ingeniería de Minas,8
Ana,Vargas Soto,60355143@sima.com,ana123,Ingeniería Eléctrica,10
Miguel,Torres Díaz,64433820@sima.com,miguel123,Ingeniería de Minas,2
Camila,Flores Rojas,38391792@sima.com,camila123,Ingeniería Civil,6
Paula,Ramos Medina,92076747@sima.com,paula123,Ingeniería de Minas,2
Valeria,García Pérez,44001767@sima.com,valeria123,Ingeniería Ambiental,10
Ricardo,Flores Rojas,70628326@sima.com,ricardo123,Ciencias de la Comunicación,7
Fernando,Paredes Silva,72102696@sima.com,fernando123,Tecnología Médica - Radiología,10
Paula,García Pérez,31362299@sima.com,paula123,Ingeniería Mecánica,1
Ricardo,Vargas Soto,23325221@sima.com,ricardo123,Ingeniería Empresarial,7
Luis,Cruz Fernández,93113747@sima.com,luis123,Tecnología Médica - Laboratorio Clínico y Anatomía Patológica,3
Paula,Quispe Mamani,26561997@sima.com,paula123,Ingeniería de Minas,4
Miguel,Flores Rojas,44857503@sima.com,miguel123,Ingeniería Mecánica,5
Paula,Paredes Silva,79609531@sima.com,paula123,Ingeniería de Minas,6
Paula,Flores Rojas,10192080@sima.com,paula123,Arquitectura,4
Valeria,Paredes Silva,40122186@sima.com,valeria123,Ciencias de la Comunicación,10
Lucía,García Pérez,80382546@sima.com,lucía123,Ingeniería Empresarial,10
Alonso,Cruz Fernández,84682704@sima.com,alonso123,Enfermería,4
Daniela,Cruz Fernández,69130040@sima.com,daniela123,Arquitectura,8
Sofía,García Pérez,29653142@sima.com,sofía123,Nutrición y Dietética,10
Andrea,Cruz Fernández,41851083@sima.com,andrea123,Farmacia y Bioquímica,2
Jorge,García Pérez,73247634@sima.com,jorge123,Medicina Humana,10
Luis,Cruz Fernández,17777581@sima.com,luis123,Ingeniería Empresarial,3
Andrea,Vargas Soto,54625489@sima.com,andrea123,Derecho,6
Miguel,Torres Díaz,72378004@sima.com,miguel123,Ingeniería de Minas,5
Valeria,Torres Díaz,73057418@sima.com,valeria123,Ingeniería Empresarial,5
Lucía,Ramos Medina,28533203@sima.com,lucía123,Ingeniería Industrial,7
Valeria,Ramos Medina,59851456@sima.com,valeria123,Medicina Humana,7
Alonso,Paredes Silva,65687172@sima.com,alonso123,Nutrición y Dietética,8
Sofía,Cruz Fernández,91961926@sima.com,sofía123,Tecnología Médica - Laboratorio Clínico y Anatomía Patológica,2
María,Cruz Fernández,49000549@sima.com,maría123,Ingeniería de Sistemas e Informática,2
Camila,Paredes Silva,86377241@sima.com,camila123,Ingeniería Civil,1
Paula,Mendoza López,99020920@sima.com,paula123,Medicina Humana,6
Lucía,Quispe Mamani,98687591@sima.com,lucía123,Ingeniería de Sistemas e Informática,5
Andrea,Torres Díaz,55068329@sima.com,andrea123,Ingeniería Empresarial,9
Carlos,Castillo Huamán,62707400@sima.com,carlos123,Tecnología Médica - Laboratorio Clínico y Anatomía Patológica,10
Carlos,Torres Díaz,83396349@sima.com,carlos123,Ingeniería de Sistemas e Informática,9
Andrea,Vargas Soto,36007230@sima.com,andrea123,Tecnología Médica - Terapia Física y Rehabilitación,1
Kevin,Mendoza López,41705367@sima.com,kevin123,Ingeniería de Minas,6
Elena,Castillo Huamán,29684351@sima.com,elena123,Arquitectura,6
Sofía,Paredes Silva,59010409@sima.com,sofía123,Ingeniería de Sistemas e Informática,6
Sofía,Castillo Huamán,82744836@sima.com,sofía123,Derecho,2
Ana,Paredes Silva,98638167@sima.com,ana123,Ingeniería Civil,7
Ana,Paredes Silva,57181835@sima.com,ana123,Tecnología Médica - Terapia Física y Rehabilitación,5
Andrea,Cruz Fernández,33850397@sima.com,andrea123,Ingeniería Empresarial,1
Fernando,García Pérez,75321003@sima.com,fernando123,Derecho,7
Lucía,Castillo Huamán,71896941@sima.com,lucía123,Tecnología Médica - Laboratorio Clínico y Anatomía Patológica,9
Sofía,Paredes Silva,84380360@sima.com,sofía123,Enfermería,5
Lucía,Torres Díaz,63031378@sima.com,lucía123,Tecnología Médica - Laboratorio Clínico y Anatomía Patológica,1
Elena,Castillo Huamán,21007540@sima.com,elena123,Ingeniería Ambiental,6
Carlos,Flores Rojas,56080880@sima.com,carlos123,Enfermería,4
Carlos,García Pérez,52752836@sima.com,carlos123,Ciencias de la Comunicación,9
Carlos,Ramos Medina,11341229@sima.com,carlos123,Ingeniería Civil,2
Valeria,Vargas Soto,69881608@sima.com,valeria123,Farmacia y Bioquímica,5
Kevin,Ramos Medina,22664617@sima.com,kevin123,Ingeniería Eléctrica,8
Miguel,Flores Rojas,66916697@sima.com,miguel123,Tecnología Médica - Terapia Física y Rehabilitación,3
José,Flores Rojas,42889794@sima.com,josé123,Nutrición y Dietética,2
Sofía,Torres Díaz,64488454@sima.com,sofía123,Ingeniería Eléctrica,10
Diego,Torres Díaz,38991756@sima.com,diego123,Ingeniería Eléctrica,10
Elena,García Pérez,99859828@sima.com,elena123,Nutrición y Dietética,9
Elena,Flores Rojas,80274162@sima.com,elena123,Derecho,9
Alonso,Torres Díaz,59585389@sima.com,alonso123,Ciencias de la Comunicación,6
Daniela,Flores Rojas,56544901@sima.com,daniela123,Enfermería,4
Kevin,García Pérez,53780214@sima.com,kevin123,Tecnología Médica - Laboratorio Clínico y Anatomía Patológica,1
Elena,Vargas Soto,54875708@sima.com,elena123,Ingeniería de Minas,10
Ana,Flores Rojas,32083950@sima.com,ana123,Tecnología Médica - Laboratorio Clínico y Anatomía Patológica,8
Ricardo,Vargas Soto,94374711@sima.com,ricardo123,Tecnología Médica - Laboratorio Clínico y Anatomía Patológica,7
Valeria,Vargas Soto,87810525@sima.com,valeria123,Ingeniería Ambiental,1
Diego,Castillo Huamán,46862573@sima.com,diego123,Ingeniería Eléctrica,4
Jorge,Ramos Medina,68236322@sima.com,jorge123,Arquitectura,5
Diego,Torres Díaz,62301249@sima.com,diego123,Arquitectura,5
Miguel,Torres Díaz,44680824@sima.com,miguel123,Ciencias de la Comunicación,3
Ricardo,Torres Díaz,67442691@sima.com,ricardo123,Tecnología Médica - Radiología,8
Diego,Vargas Soto,87095722@sima.com,diego123,Ingeniería Ambiental,10
Kevin,Torres Díaz,91364095@sima.com,kevin123,Ingeniería de Minas,10
Ana,Castillo Huamán,13806795@sima.com,ana123,Tecnología Médica - Terapia Física y Rehabilitación,10
Ana,Paredes Silva,87349580@sima.com,ana123,Ingeniería de Sistemas e Informática,6
Fernando,Quispe Mamani,49079834@sima.com,fernando123,Farmacia y Bioquímica,1
Ana,Paredes Silva,45781067@sima.com,ana123,Tecnología Médica - Radiología,4
Diego,Vargas Soto,11556193@sima.com,diego123,Ingeniería de Minas,3
Luis,Flores Rojas,53272272@sima.com,luis123,Ingeniería de Sistemas e Informática,10
Kevin,García Pérez,88600943@sima.com,kevin123,Tecnología Médica - Radiología,1
Kevin,García Pérez,78819944@sima.com,kevin123,Tecnología Médica - Radiología,7
Ricardo,Quispe Mamani,34568298@sima.com,ricardo123,Tecnología Médica - Laboratorio Clínico y Anatomía Patológica,9
Daniela,Cruz Fernández,20554740@sima.com,daniela123,Farmacia y Bioquímica,2
Carlos,Torres Díaz,47098960@sima.com,carlos123,Tecnología Médica - Terapia Física y Rehabilitación,7
Sofía,Mendoza López,52102558@sima.com,sofía123,Ingeniería Industrial,3
Carlos,Quispe Mamani,69401087@sima.com,carlos123,Derecho,5
Sofía,Flores Rojas,56786678@sima.com,sofía123,Ingeniería Ambiental,9
Luis,Castillo Huamán,24383444@sima.com,luis123,Ingeniería de Sistemas e Informática,6
Daniela,Torres Díaz,69368690@sima.com,daniela123,Ingeniería Mecatrónica,9
Ricardo,Quispe Mamani,70966617@sima.com,ricardo123,Tecnología Médica - Radiología,2
Andrea,Torres Díaz,62641904@sima.com,andrea123,Ingeniería Empresarial,5
Kevin,Cruz Fernández,48351535@sima.com,kevin123,Nutrición y Dietética,3
Luis,García Pérez,27172657@sima.com,luis123,Ingeniería de Sistemas e Informática,5
Valeria,Vargas Soto,60909687@sima.com,valeria123,Ingeniería de Sistemas e Informática,3
Diego,Vargas Soto,15122767@sima.com,diego123,Ingeniería Ambiental,7
Elena,Paredes Silva,13184634@sima.com,elena123,Farmacia y Bioquímica,4
Luis,Ramos Medina,67451463@sima.com,luis123,Ingeniería Mecatrónica,1
Miguel,Ramos Medina,37470526@sima.com,miguel123,Ingeniería de Sistemas e Informática,5
Elena,Ramos Medina,64822635@sima.com,elena123,Tecnología Médica - Radiología,8
Elena,Ramos Medina,62401182@sima.com,elena123,Ingeniería Civil,10
Lucía,Flores Rojas,35182202@sima.com,lucía123,Tecnología Médica - Radiología,2
Ricardo,Ramos Medina,99538879@sima.com,ricardo123,Derecho,9
Miguel,García Pérez,45231964@sima.com,miguel123,Tecnología Médica - Terapia Física y Rehabilitación,6
Daniela,García Pérez,90883225@sima.com,daniela123,Nutrición y Dietética,4
Ana,Vargas Soto,96641026@sima.com,ana123,Ingeniería de Minas,5
María,Cruz Fernández,61359443@sima.com,maría123,Ingeniería Mecánica,6
Paula,Flores Rojas,89007388@sima.com,paula123,Farmacia y Bioquímica,7
Andrea,García Pérez,66889023@sima.com,andrea123,Ingeniería de Minas,5
Ana,Vargas Soto,80497991@sima.com,ana123,Tecnología Médica - Terapia Física y Rehabilitación,9
Kevin,Torres Díaz,64794585@sima.com,kevin123,Ingeniería Mecatrónica,1
Paula,Quispe Mamani,51168462@sima.com,paula123,Nutrición y Dietética,4
María,Ramos Medina,46635871@sima.com,maría123,Arquitectura,6
José,Quispe Mamani,31528554@sima.com,josé123,Ingeniería de Minas,8
Sofía,García Pérez,55314780@sima.com,sofía123,Ingeniería Empresarial,8
Lucía,Ramos Medina,39058416@sima.com,lucía123,Odontología,9
Ricardo,Flores Rojas,59118737@sima.com,ricardo123,Ingeniería Mecánica,1
Andrea,Vargas Soto,23856874@sima.com,andrea123,Farmacia y Bioquímica,3
Daniela,García Pérez,31928721@sima.com,daniela123,Ingeniería Civil,10
Fernando,García Pérez,80649246@sima.com,fernando123,Tecnología Médica - Radiología,3
Daniela,Quispe Mamani,10276166@sima.com,daniela123,Tecnología Médica - Terapia Física y Rehabilitación,7
Lucía,Cruz Fernández,34074406@sima.com,lucía123,Ciencias de la Comunicación,1
Andrea,Flores Rojas,15739796@sima.com,andrea123,Ingeniería de Sistemas e Informática,1
Elena,Castillo Huamán,81761240@sima.com,elena123,Nutrición y Dietética,6
Carlos,García Pérez,15222515@sima.com,carlos123,Ingeniería Empresarial,5
Carlos,García Pérez,29881451@sima.com,carlos123,Ingeniería Civil,8
Luis,García Pérez,64803014@sima.com,luis123,Ingeniería Mecánica,5
Kevin,Castillo Huamán,93775732@sima.com,kevin123,Enfermería,7
María,Vargas Soto,53157873@sima.com,maría123,Ingeniería de Sistemas e Informática,2
Diego,Ramos Medina,51863666@sima.com,diego123,Ingeniería Mecatrónica,4
Ricardo,García Pérez,62752731@sima.com,ricardo123,Odontología,8
Elena,Torres Díaz,77652944@sima.com,elena123,Ciencias de la Comunicación,10
Luis,García Pérez,24034975@sima.com,luis123,Derecho,10
Sofía,Ramos Medina,32560722@sima.com,sofía123,Nutrición y Dietética,7
José,Torres Díaz,55424675@sima.com,josé123,Ingeniería Civil,3
Camila,Castillo Huamán,50897618@sima.com,camila123,Ingeniería Industrial,8
Camila,Paredes Silva,25594837@sima.com,camila123,Odontología,9
Fernando,Cruz Fernández,29389084@sima.com,fernando123,Derecho,7
Jorge,Flores Rojas,76407541@sima.com,jorge123,Ingeniería de Sistemas e Informática,1
Fernando,Castillo Huamán,64522142@sima.com,fernando123,Ingeniería Industrial,8
Carlos,Ramos Medina,27071287@sima.com,carlos123,Farmacia y Bioquímica,10
María,Ramos Medina,54740112@sima.com,maría123,Ingeniería Eléctrica,10
Ana,Cruz Fernández,93977921@sima.com,ana123,Tecnología Médica - Terapia Física y Rehabilitación,9
Lucía,Ramos Medina,28283837@sima.com,lucía123,Odontología,5
María,Vargas Soto,86167746@sima.com,maría123,Ingeniería de Minas,9
Paula,Ramos Medina,21378817@sima.com,paula123,Tecnología Médica - Laboratorio Clínico y Anatomía Patológica,7
Andrea,Torres Díaz,76931382@sima.com,andrea123,Farmacia y Bioquímica,7
Luis,Vargas Soto,87596948@sima.com,luis123,Ingeniería Ambiental,2
Diego,Flores Rojas,29523407@sima.com,diego123,Ciencias de la Comunicación,6
Valeria,Vargas Soto,43103803@sima.com,valeria123,Tecnología Médica - Laboratorio Clínico y Anatomía Patológica,8
Luis,Vargas Soto,33752748@sima.com,luis123,Nutrición y Dietética,7
Miguel,Torres Díaz,37979040@sima.com,miguel123,Enfermería,6
Andrea,García Pérez,26834186@sima.com,andrea123,Tecnología Médica - Terapia Física y Rehabilitación,4
Luis,Mendoza López,81207550@sima.com,luis123,Ingeniería Eléctrica,5
María,Ramos Medina,49841701@sima.com,maría123,Tecnología Médica - Radiología,8
Alonso,Quispe Mamani,57434839@sima.com,alonso123,Tecnología Médica - Radiología,7
Miguel,Cruz Fernández,97841208@sima.com,miguel123,Derecho,1
Camila,Castillo Huamán,22315049@sima.com,camila123,Odontología,8
Fernando,Torres Díaz,31998034@sima.com,fernando123,Ingeniería Eléctrica,3
Alonso,Cruz Fernández,82473292@sima.com,alonso123,Ingeniería Eléctrica,6
Valeria,Cruz Fernández,90000529@sima.com,valeria123,Arquitectura,6
Daniela,Quispe Mamani,61013023@sima.com,daniela123,Ciencias de la Comunicación,4
Jorge,Ramos Medina,71199295@sima.com,jorge123,Odontología,7
Diego,Paredes Silva,73165254@sima.com,diego123,Ingeniería Mecánica,9
Miguel,Mendoza López,13347581@sima.com,miguel123,Ingeniería Mecatrónica,5
Jorge,Castillo Huamán,19870140@sima.com,jorge123,Ingeniería Mecánica,8
María,Paredes Silva,98200648@sima.com,maría123,Ingeniería Civil,5
Kevin,García Pérez,44152798@sima.com,kevin123,Tecnología Médica - Laboratorio Clínico y Anatomía Patológica,9
Valeria,Cruz Fernández,11369125@sima.com,valeria123,Farmacia y Bioquímica,1
Camila,Quispe Mamani,66263665@sima.com,camila123,Derecho,10
Fernando,Mendoza López,77637552@sima.com,fernando123,Ingeniería Civil,8
Diego,García Pérez,68568951@sima.com,diego123,Arquitectura,4
Carlos,Quispe Mamani,25150852@sima.com,carlos123,Ingeniería Mecatrónica,8
Elena,Paredes Silva,74534895@sima.com,elena123,Ingeniería Mecánica,10
Ricardo,Quispe Mamani,96098014@sima.com,ricardo123,Ciencias de la Comunicación,1
Elena,Flores Rojas,20157241@sima.com,elena123,Arquitectura,9
Carlos,Castillo Huamán,64626119@sima.com,carlos123,Ingeniería Civil,2
Valeria,Mendoza López,22662220@sima.com,valeria123,Ingeniería Eléctrica,6
Carlos,Torres Díaz,13004543@sima.com,carlos123,Ingeniería Eléctrica,9
Andrea,Paredes Silva,40660314@sima.com,andrea123,Tecnología Médica - Radiología,9
Elena,Quispe Mamani,76708500@sima.com,elena123,Odontología,3
Lucía,Ramos Medina,37890819@sima.com,lucía123,Ingeniería Industrial,8
Lucía,Quispe Mamani,92497471@sima.com,lucía123,Ingeniería de Minas,3
Diego,Torres Díaz,52465163@sima.com,diego123,Ingeniería Civil,6
Jorge,Torres Díaz,57481719@sima.com,jorge123,Tecnología Médica - Terapia Física y Rehabilitación,4
Luis,Torres Díaz,28663128@sima.com,luis123,Ingeniería Eléctrica,9
Carlos,Quispe Mamani,29578329@sima.com,carlos123,Ciencias de la Comunicación,6
Jorge,Cruz Fernández,40404605@sima.com,jorge123,Ingeniería de Sistemas e Informática,3
Valeria,García Pérez,82761840@sima.com,valeria123,Tecnología Médica - Terapia Física y Rehabilitación,9
Ricardo,Castillo Huamán,63928522@sima.com,ricardo123,Ciencias de la Comunicación,8
Miguel,García Pérez,27416519@sima.com,miguel123,Farmacia y Bioquímica,2
Lucía,Vargas Soto,55582384@sima.com,lucía123,Tecnología Médica - Laboratorio Clínico y Anatomía Patológica,5
Valeria,Flores Rojas,55495246@sima.com,valeria123,Tecnología Médica - Radiología,7
José,Vargas Soto,73182105@sima.com,josé123,Nutrición y Dietética,10
Ricardo,Vargas Soto,40990379@sima.com,ricardo123,Ingeniería Ambiental,7
Sofía,Flores Rojas,53428241@sima.com,sofía123,Nutrición y Dietética,7
Alonso,Mendoza López,28145915@sima.com,alonso123,Farmacia y Bioquímica,1
Ana,Cruz Fernández,81332423@sima.com,ana123,Arquitectura,10
Carlos,Torres Díaz,62209404@sima.com,carlos123,Ingeniería de Sistemas e Informática,3
Daniela,Mendoza López,44337796@sima.com,daniela123,Farmacia y Bioquímica,5
Fernando,Mendoza López,36183873@sima.com,fernando123,Arquitectura,6
María,Vargas Soto,34022732@sima.com,maría123,Ingeniería Mecatrónica,10
Diego,Quispe Mamani,36339430@sima.com,diego123,Ingeniería Empresarial,5
Sofía,Flores Rojas,88936855@sima.com,sofía123,Tecnología Médica - Laboratorio Clínico y Anatomía Patológica,8
Ana,Paredes Silva,70925494@sima.com,ana123,Nutrición y Dietética,3
Carlos,García Pérez,21405640@sima.com,carlos123,Tecnología Médica - Laboratorio Clínico y Anatomía Patológica,8
María,Mendoza López,20083417@sima.com,maría123,Ingeniería Civil,7
Jorge,Cruz Fernández,94410554@sima.com,jorge123,Arquitectura,8
Sofía,Quispe Mamani,17763476@sima.com,sofía123,Ingeniería Empresarial,6
Carlos,Torres Díaz,43077888@sima.com,carlos123,Ingeniería Ambiental,10
Paula,Flores Rojas,64774431@sima.com,paula123,Tecnología Médica - Terapia Física y Rehabilitación,10
Miguel,Flores Rojas,63840709@sima.com,miguel123,Enfermería,6
Andrea,Mendoza López,93511614@sima.com,andrea123,Farmacia y Bioquímica,8
Daniela,Quispe Mamani,53353936@sima.com,daniela123,Ingeniería Empresarial,5
Jorge,Paredes Silva,72364785@sima.com,jorge123,Nutrición y Dietética,9
Fernando,Vargas Soto,53552148@sima.com,fernando123,Odontología,7
Sofía,Torres Díaz,78499611@sima.com,sofía123,Enfermería,4
Miguel,Cruz Fernández,66448687@sima.com,miguel123,Nutrición y Dietética,4
Daniela,Quispe Mamani,67540766@sima.com,daniela123,Ingeniería de Minas,10
Miguel,García Pérez,88064460@sima.com,miguel123,Ingeniería Civil,2
Sofía,Ramos Medina,76957559@sima.com,sofía123,Tecnología Médica - Radiología,2
Miguel,Paredes Silva,65763613@sima.com,miguel123,Arquitectura,7
Kevin,Ramos Medina,96924690@sima.com,kevin123,Ingeniería Eléctrica,3
Ana,Mendoza López,63646268@sima.com,ana123,Odontología,2
Ricardo,Castillo Huamán,43839359@sima.com,ricardo123,Ingeniería Ambiental,9
Miguel,Castillo Huamán,11096437@sima.com,miguel123,Tecnología Médica - Terapia Física y Rehabilitación,10
Fernando,Paredes Silva,50005509@sima.com,fernando123,Tecnología Médica - Laboratorio Clínico y Anatomía Patológica,2
Daniela,Quispe Mamani,75912679@sima.com,daniela123,Enfermería,6
Carlos,Cruz Fernández,13219952@sima.com,carlos123,Nutrición y Dietética,2
Valeria,Mendoza López,57826242@sima.com,valeria123,Farmacia y Bioquímica,5
Paula,Mendoza López,44910341@sima.com,paula123,Tecnología Médica - Radiología,3
Alonso,García Pérez,57736425@sima.com,alonso123,Ingeniería Civil,9
Miguel,Vargas Soto,43863373@sima.com,miguel123,Ingeniería Mecatrónica,4
Camila,García Pérez,64046779@sima.com,camila123,Ingeniería Empresarial,6
Andrea,Paredes Silva,43490522@sima.com,andrea123,Medicina Humana,4
Paula,Ramos Medina,76264512@sima.com,paula123,Odontología,2
Fernando,Flores Rojas,10378874@sima.com,fernando123,Ingeniería Mecánica,7
Sofía,Castillo Huamán,15751815@sima.com,sofía123,Ingeniería Civil,2
Valeria,García Pérez,34193710@sima.com,valeria123,Enfermería,6
Luis,Vargas Soto,42546502@sima.com,luis123,Arquitectura,8
Jorge,García Pérez,39998708@sima.com,jorge123,Ingeniería Mecatrónica,5
Camila,Ramos Medina,85851296@sima.com,camila123,Ingeniería de Sistemas e Informática,8
Jorge,Ramos Medina,96730638@sima.com,jorge123,Medicina Humana,1
Andrea,Paredes Silva,72894016@sima.com,andrea123,Ingeniería Civil,2
Alonso,Torres Díaz,14421611@sima.com,alonso123,Ciencias de la Comunicación,7
Daniela,Castillo Huamán,99767904@sima.com,daniela123,Ingeniería Industrial,9
Miguel,Flores Rojas,73995675@sima.com,miguel123,Farmacia y Bioquímica,3
María,Cruz Fernández,48391876@sima.com,maría123,Ingeniería Industrial,9
José,Mendoza López,90776888@sima.com,josé123,Nutrición y Dietética,3
Daniela,Paredes Silva,93270374@sima.com,daniela123,Ingeniería Mecatrónica,5
Ana,Quispe Mamani,46940926@sima.com,ana123,Nutrición y Dietética,7
Ricardo,Mendoza López,46200180@sima.com,ricardo123,Ingeniería de Sistemas e Informática,8
Ricardo,Flores Rojas,65477024@sima.com,ricardo123,Tecnología Médica - Radiología,5
Alonso,García Pérez,36898567@sima.com,alonso123,Odontología,2
Jorge,Quispe Mamani,87955851@sima.com,jorge123,Ingeniería de Sistemas e Informática,10
Diego,Ramos Medina,32430018@sima.com,diego123,Derecho,7
Camila,García Pérez,45518472@sima.com,camila123,Ingeniería Ambiental,4
María,Mendoza López,91235918@sima.com,maría123,Tecnología Médica - Terapia Física y Rehabilitación,1
Camila,Torres Díaz,24583811@sima.com,camila123,Ingeniería Civil,7
Kevin,Cruz Fernández,98463485@sima.com,kevin123,Derecho,6
Jorge,Castillo Huamán,86864173@sima.com,jorge123,Farmacia y Bioquímica,3
Ana,Flores Rojas,44713979@sima.com,ana123,Derecho,3
Miguel,Quispe Mamani,33464123@sima.com,miguel123,Arquitectura,7
Luis,Flores Rojas,37871407@sima.com,luis123,Ingeniería Mecatrónica,9
Fernando,Cruz Fernández,29691859@sima.com,fernando123,Ingeniería de Minas,7
Alonso,Ramos Medina,39373677@sima.com,alonso123,Ingeniería de Minas,7
José,Vargas Soto,24267315@sima.com,josé123,Nutrición y Dietética,1
Ana,Quispe Mamani,28535049@sima.com,ana123,Ingeniería Civil,8
Ricardo,Flores Rojas,59039187@sima.com,ricardo123,Tecnología Médica - Radiología,7
Ana,García Pérez,53966157@sima.com,ana123,Ingeniería Eléctrica,4
Paula,García Pérez,64175024@sima.com,paula123,Ingeniería de Sistemas e Informática,3
Kevin,Mendoza López,92166222@sima.com,kevin123,Ingeniería de Minas,5
Camila,Flores Rojas,36022877@sima.com,camila123,Ingeniería Ambiental,9
Paula,Vargas Soto,14298183@sima.com,paula123,Arquitectura,1
Daniela,Cruz Fernández,61409902@sima.com,daniela123,Ingeniería Ambiental,1
Miguel,Ramos Medina,82610432@sima.com,miguel123,Ingeniería Empresarial,1
Diego,Ramos Medina,99895180@sima.com,diego123,Ingeniería Empresarial,1
Valeria,Ramos Medina,17169127@sima.com,valeria123,Ingeniería Mecánica,4
Ana,Castillo Huamán,39202824@sima.com,ana123,Ingeniería Ambiental,4
Valeria,Ramos Medina,84203799@sima.com,valeria123,Tecnología Médica - Terapia Física y Rehabilitación,9
José,Torres Díaz,69633171@sima.com,josé123,Tecnología Médica - Radiología,9
Carlos,Torres Díaz,14233058@sima.com,carlos123,Ingeniería Ambiental,2
Carlos,Quispe Mamani,82794380@sima.com,carlos123,Ingeniería Eléctrica,10
Carlos,Mendoza López,27607201@sima.com,carlos123,Enfermería,1
Alonso,Ramos Medina,44890767@sima.com,alonso123,Ingeniería Civil,9
José,Flores Rojas,64033866@sima.com,josé123,Arquitectura,6
Paula,Vargas Soto,53916443@sima.com,paula123,Ingeniería Empresarial,7
Diego,García Pérez,61274891@sima.com,diego123,Ciencias de la Comunicación,1
Luis,Ramos Medina,29017542@sima.com,luis123,Ingeniería Civil,6
Sofía,Mendoza López,53434909@sima.com,sofía123,Farmacia y Bioquímica,3
José,Mendoza López,55817618@sima.com,josé123,Enfermería,8
Sofía,Mendoza López,57273816@sima.com,sofía123,Ingeniería Mecánica,2
Lucía,Paredes Silva,55346390@sima.com,lucía123,Tecnología Médica - Laboratorio Clínico y Anatomía Patológica,6
Sofía,Vargas Soto,50647089@sima.com,sofía123,Ingeniería Empresarial,9
Jorge,Quispe Mamani,46302869@sima.com,jorge123,Ingeniería de Minas,9
Carlos,Flores Rojas,91816149@sima.com,carlos123,Ingeniería Ambiental,6
Elena,Ramos Medina,31262891@sima.com,elena123,Ingeniería Industrial,3
Elena,García Pérez,36529091@sima.com,elena123,Tecnología Médica - Laboratorio Clínico y Anatomía Patológica,4
Jorge,Ramos Medina,24243909@sima.com,jorge123,Arquitectura,5
José,Quispe Mamani,97570988@sima.com,josé123,Tecnología Médica - Radiología,7
Valeria,Vargas Soto,43628200@sima.com,valeria123,Medicina Humana,5
Carlos,Vargas Soto,86004448@sima.com,carlos123,Ingeniería Mecánica,9
Fernando,Cruz Fernández,92700904@sima.com,fernando123,Arquitectura,10
Luis,Mendoza López,56156766@sima.com,luis123,Tecnología Médica - Radiología,2
Kevin,Ramos Medina,14345977@sima.com,kevin123,Ingeniería Industrial,9
Kevin,Ramos Medina,96997467@sima.com,kevin123,Tecnología Médica - Laboratorio Clínico y Anatomía Patológica,3
Ana,Mendoza López,73471886@sima.com,ana123,Odontología,7
Kevin,Torres Díaz,97652243@sima.com,kevin123,Derecho,4
Fernando,Vargas Soto,93125960@sima.com,fernando123,Derecho,8
Camila,Mendoza López,31537884@sima.com,camila123,Tecnología Médica - Radiología,4
María,Torres Díaz,69655863@sima.com,maría123,Nutrición y Dietética,7
Kevin,Paredes Silva,47804247@sima.com,kevin123,Odontología,9
Sofía,Castillo Huamán,40955136@sima.com,sofía123,Nutrición y Dietética,10
Carlos,Vargas Soto,71482015@sima.com,carlos123,Ingeniería Mecatrónica,1
Sofía,Quispe Mamani,50071960@sima.com,sofía123,Tecnología Médica - Radiología,5
Jorge,García Pérez,53443672@sima.com,jorge123,Ingeniería Empresarial,4
Andrea,Quispe Mamani,27610491@sima.com,andrea123,Ingeniería de Minas,9
Carlos,Mendoza López,68432509@sima.com,carlos123,Ciencias de la Comunicación,4
Jorge,Cruz Fernández,13132706@sima.com,jorge123,Derecho,7
Diego,Torres Díaz,30269037@sima.com,diego123,Odontología,5
José,Ramos Medina,28461584@sima.com,josé123,Nutrición y Dietética,3
Daniela,Paredes Silva,99206290@sima.com,daniela123,Tecnología Médica - Terapia Física y Rehabilitación,8
Paula,Cruz Fernández,82033782@sima.com,paula123,Ingeniería Empresarial,5
Andrea,Cruz Fernández,94287298@sima.com,andrea123,Ingeniería Mecánica,4
Alonso,Mendoza López,76738957@sima.com,alonso123,Ingeniería Mecatrónica,6
Lucía,Vargas Soto,76818381@sima.com,lucía123,Ingeniería Empresarial,5
Alonso,Ramos Medina,26775207@sima.com,alonso123,Tecnología Médica - Laboratorio Clínico y Anatomía Patológica,10
Carlos,García Pérez,56707959@sima.com,carlos123,Ingeniería Mecánica,4
Kevin,Torres Díaz,95110223@sima.com,kevin123,Ingeniería Mecánica,5
Valeria,Flores Rojas,68138134@sima.com,valeria123,Ingeniería Civil,1
Daniela,Cruz Fernández,60075475@sima.com,daniela123,Derecho,3
Fernando,Paredes Silva,76296277@sima.com,fernando123,Medicina Humana,3
Ricardo,Paredes Silva,61100864@sima.com,ricardo123,Odontología,1
Andrea,Mendoza López,22192871@sima.com,andrea123,Ingeniería Civil,10
Elena,Mendoza López,29314036@sima.com,elena123,Tecnología Médica - Terapia Física y Rehabilitación,5
Luis,Torres Díaz,28404708@sima.com,luis123,Derecho,6
Lucía,Torres Díaz,33558540@sima.com,lucía123,Ingeniería Industrial,1
Andrea,Paredes Silva,48347980@sima.com,andrea123,Medicina Humana,1
Daniela,García Pérez,67224269@sima.com,daniela123,Ingeniería Empresarial,2
Paula,Flores Rojas,34736045@sima.com,paula123,Tecnología Médica - Laboratorio Clínico y Anatomía Patológica,1
Jorge,Ramos Medina,77897171@sima.com,jorge123,Ingeniería Industrial,5
Paula,Flores Rojas,92884317@sima.com,paula123,Ciencias de la Comunicación,2
Valeria,Flores Rojas,23245662@sima.com,valeria123,Nutrición y Dietética,3
Camila,Paredes Silva,43718004@sima.com,camila123,Tecnología Médica - Radiología,8
Kevin,Mendoza López,76441768@sima.com,kevin123,Ingeniería Civil,2
Valeria,Paredes Silva,85668383@sima.com,valeria123,Odontología,9
María,Paredes Silva,91517622@sima.com,maría123,Ingeniería de Minas,6
José,Paredes Silva,31258872@sima.com,josé123,Farmacia y Bioquímica,7
Luis,Flores Rojas,90495636@sima.com,luis123,Medicina Humana,7
Lucía,Ramos Medina,47354044@sima.com,lucía123,Odontología,2
Fernando,Castillo Huamán,51226348@sima.com,fernando123,Odontología,7
Luis,Mendoza López,40410034@sima.com,luis123,Ingeniería Ambiental,7
Miguel,Mendoza López,17035909@sima.com,miguel123,Ingeniería Civil,10
Kevin,Castillo Huamán,87349819@sima.com,kevin123,Odontología,3
Lucía,Quispe Mamani,44762750@sima.com,lucía123,Ingeniería Eléctrica,4
Elena,Cruz Fernández,43109880@sima.com,elena123,Enfermería,4
Sofía,Ramos Medina,28606740@sima.com,sofía123,Nutrición y Dietética,7
María,Torres Díaz,89833626@sima.com,maría123,Enfermería,5
Camila,García Pérez,24117747@sima.com,camila123,Ingeniería Eléctrica,8
Luis,Vargas Soto,51840782@sima.com,luis123,Ingeniería de Minas,1
Lucía,Cruz Fernández,61365812@sima.com,lucía123,Ingeniería de Sistemas e Informática,4
Miguel,Paredes Silva,66497369@sima.com,miguel123,Ingeniería Eléctrica,3
Daniela,Paredes Silva,56302552@sima.com,daniela123,Ingeniería Mecatrónica,10
Ana,Flores Rojas,95572253@sima.com,ana123,Ingeniería Civil,2
Diego,Torres Díaz,86322393@sima.com,diego123,Tecnología Médica - Terapia Física y Rehabilitación,6
Carlos,Flores Rojas,32471285@sima.com,carlos123,Odontología,2
Lucía,Flores Rojas,63085192@sima.com,lucía123,Nutrición y Dietética,1
Lucía,Cruz Fernández,36067637@sima.com,lucía123,Ingeniería Industrial,4
Diego,Ramos Medina,94620972@sima.com,diego123,Farmacia y Bioquímica,5
Ricardo,Ramos Medina,21896326@sima.com,ricardo123,Nutrición y Dietética,4
Andrea,García Pérez,78231806@sima.com,andrea123,Ciencias de la Comunicación,7
Valeria,Cruz Fernández,16164898@sima.com,valeria123,Ingeniería Ambiental,7
Luis,Cruz Fernández,40178685@sima.com,luis123,Enfermería,10
Andrea,Mendoza López,69983357@sima.com,andrea123,Ingeniería de Minas,5
Lucía,Mendoza López,88232936@sima.com,lucía123,Derecho,5
Lucía,Cruz Fernández,44145497@sima.com,lucía123,Ingeniería Empresarial,1
Kevin,Quispe Mamani,28280510@sima.com,kevin123,Tecnología Médica - Terapia Física y Rehabilitación,10
María,Mendoza López,28763223@sima.com,maría123,Derecho,6
Lucía,Ramos Medina,98156986@sima.com,lucía123,Ingeniería de Minas,4
Valeria,Torres Díaz,45832953@sima.com,valeria123,Medicina Humana,5
Sofía,Castillo Huamán,83698547@sima.com,sofía123,Nutrición y Dietética,8
Lucía,Torres Díaz,62372967@sima.com,lucía123,Ingeniería de Sistemas e Informática,10
Lucía,Quispe Mamani,82013538@sima.com,lucía123,Nutrición y Dietética,5
Miguel,Quispe Mamani,66985147@sima.com,miguel123,Derecho,9
Daniela,Ramos Medina,58201464@sima.com,daniela123,Tecnología Médica - Laboratorio Clínico y Anatomía Patológica,9
Diego,García Pérez,66374170@sima.com,diego123,Arquitectura,8
Daniela,Torres Díaz,41966200@sima.com,daniela123,Ingeniería Mecatrónica,8
Valeria,Torres Díaz,12357048@sima.com,valeria123,Arquitectura,3
Fernando,Ramos Medina,56454968@sima.com,fernando123,Ingeniería Ambiental,3
Camila,Vargas Soto,71185798@sima.com,camila123,Ingeniería Empresarial,3
Elena,Cruz Fernández,90570135@sima.com,elena123,Medicina Humana,1
Alonso,Torres Díaz,44384025@sima.com,alonso123,Medicina Humana,6
Alonso,Paredes Silva,67810323@sima.com,alonso123,Ingeniería Industrial,6
Paula,Quispe Mamani,49219558@sima.com,paula123,Medicina Humana,9
Jorge,Vargas Soto,44820330@sima.com,jorge123,Nutrición y Dietética,3
Elena,Flores Rojas,75475230@sima.com,elena123,Nutrición y Dietética,9
Fernando,Torres Díaz,69126852@sima.com,fernando123,Farmacia y Bioquímica,3
Kevin,Mendoza López,93952597@sima.com,kevin123,Tecnología Médica - Laboratorio Clínico y Anatomía Patológica,5
Lucía,Cruz Fernández,86469063@sima.com,lucía123,Ingeniería de Sistemas e Informática,9
Kevin,Castillo Huamán,44596088@sima.com,kevin123,Ingeniería Empresarial,3
Sofía,Cruz Fernández,73550460@sima.com,sofía123,Ingeniería Mecatrónica,1
Sofía,Flores Rojas,91122338@sima.com,sofía123,Tecnología Médica - Radiología,6
Lucía,Cruz Fernández,57968821@sima.com,lucía123,Ciencias de la Comunicación,2
Elena,Cruz Fernández,36308500@sima.com,elena123,Odontología,8
Diego,Castillo Huamán,71906980@sima.com,diego123,Ingeniería Civil,10
Ana,Torres Díaz,21064482@sima.com,ana123,Ingeniería Mecatrónica,9
Alonso,Ramos Medina,44703896@sima.com,alonso123,Tecnología Médica - Laboratorio Clínico y Anatomía Patológica,3
Alonso,Ramos Medina,67164146@sima.com,alonso123,Ingeniería Civil,5
Miguel,Ramos Medina,39759074@sima.com,miguel123,Ingeniería Ambiental,6
Kevin,Ramos Medina,35341402@sima.com,kevin123,Ciencias de la Comunicación,4
Diego,Castillo Huamán,67268252@sima.com,diego123,Ciencias de la Comunicación,8
Valeria,Mendoza López,99264337@sima.com,valeria123,Ingeniería Ambiental,2
Ricardo,Cruz Fernández,13246584@sima.com,ricardo123,Arquitectura,1
Carlos,Vargas Soto,62179472@sima.com,carlos123,Ciencias de la Comunicación,6
Paula,Quispe Mamani,88982226@sima.com,paula123,Ingeniería Civil,2
Kevin,Mendoza López,15314598@sima.com,kevin123,Ingeniería de Minas,2
María,Vargas Soto,89651624@sima.com,maría123,Farmacia y Bioquímica,10
Daniela,Quispe Mamani,57724456@sima.com,daniela123,Odontología,1
José,Castillo Huamán,21882440@sima.com,josé123,Enfermería,8
Lucía,Ramos Medina,69818684@sima.com,lucía123,Ingeniería Empresarial,9
Paula,Paredes Silva,14878107@sima.com,paula123,Ciencias de la Comunicación,8
Sofía,Quispe Mamani,62044671@sima.com,sofía123,Ciencias de la Comunicación,6
Sofía,Castillo Huamán,47739858@sima.com,sofía123,Ingeniería Industrial,3
Paula,Flores Rojas,12085057@sima.com,paula123,Derecho,6
Luis,Quispe Mamani,73242184@sima.com,luis123,Nutrición y Dietética,6
Luis,Flores Rojas,96678426@sima.com,luis123,Odontología,10
Ana,Mendoza López,66207982@sima.com,ana123,Ingeniería de Minas,3
Miguel,Castillo Huamán,69919745@sima.com,miguel123,Derecho,8
Ana,García Pérez,85444252@sima.com,ana123,Ciencias de la Comunicación,8
Daniela,Torres Díaz,16509224@sima.com,daniela123,Ingeniería Empresarial,1
Diego,Cruz Fernández,60684150@sima.com,diego123,Derecho,4
Sofía,Cruz Fernández,98947409@sima.com,sofía123,Odontología,5
Sofía,Mendoza López,76755119@sima.com,sofía123,Tecnología Médica - Laboratorio Clínico y Anatomía Patológica,3
Ana,Flores Rojas,42449659@sima.com,ana123,Ingeniería Mecánica,5
Miguel,Castillo Huamán,47622011@sima.com,miguel123,Ingeniería de Sistemas e Informática,5
Ricardo,Cruz Fernández,96102371@sima.com,ricardo123,Ingeniería Mecatrónica,5
Alonso,Torres Díaz,45770674@sima.com,alonso123,Ciencias de la Comunicación,5
Elena,García Pérez,83358229@sima.com,elena123,Tecnología Médica - Laboratorio Clínico y Anatomía Patológica,9
Carlos,García Pérez,87353119@sima.com,carlos123,Ingeniería Eléctrica,2
Paula,Ramos Medina,32288446@sima.com,paula123,Ingeniería Empresarial,3
Andrea,Cruz Fernández,65002522@sima.com,andrea123,Nutrición y Dietética,2
Daniela,Flores Rojas,91054433@sima.com,daniela123,Ingeniería Mecánica,6
Valeria,Flores Rojas,60770865@sima.com,valeria123,Ingeniería Mecánica,1
Alonso,García Pérez,86522105@sima.com,alonso123,Arquitectura,10
Miguel,Paredes Silva,68079570@sima.com,miguel123,Arquitectura,6
Kevin,Torres Díaz,39479090@sima.com,kevin123,Enfermería,1
Ricardo,García Pérez,30330940@sima.com,ricardo123,Ingeniería Mecánica,10
Diego,Mendoza López,57031250@sima.com,diego123,Ingeniería Eléctrica,8
Camila,Mendoza López,80708928@sima.com,camila123,Farmacia y Bioquímica,7
María,Flores Rojas,78398428@sima.com,maría123,Arquitectura,3
Ricardo,Castillo Huamán,90953350@sima.com,ricardo123,Medicina Humana,2
Sofía,Vargas Soto,51243081@sima.com,sofía123,Ingeniería Ambiental,6
Diego,Torres Díaz,65518035@sima.com,diego123,Tecnología Médica - Laboratorio Clínico y Anatomía Patológica,5
Camila,Torres Díaz,80460627@sima.com,camila123,Enfermería,1
Lucía,Vargas Soto,85909321@sima.com,lucía123,Derecho,9
Paula,Quispe Mamani,33972648@sima.com,paula123,Ingeniería de Sistemas e Informática,1
María,Mendoza López,44090059@sima.com,maría123,Medicina Humana,4
Fernando,Paredes Silva,45867863@sima.com,fernando123,Enfermería,9
Alonso,Mendoza López,18950445@sima.com,alonso123,Ingeniería de Sistemas e Informática,8
Andrea,Mendoza López,74717945@sima.com,andrea123,Ingeniería Ambiental,7
Camila,García Pérez,87366710@sima.com,camila123,Derecho,4
Luis,Vargas Soto,10675585@sima.com,luis123,Arquitectura,5
Kevin,García Pérez,59441001@sima.com,kevin123,Enfermería,3
Paula,Vargas Soto,21584223@sima.com,paula123,Ingeniería Ambiental,10
Sofía,Vargas Soto,96190414@sima.com,sofía123,Ingeniería Civil,2
Paula,Torres Díaz,34096876@sima.com,paula123,Ingeniería de Minas,5
Camila,Vargas Soto,33703547@sima.com,camila123,Farmacia y Bioquímica,4
Ana,Paredes Silva,47565476@sima.com,ana123,Ingeniería Empresarial,7
Paula,Torres Díaz,12815275@sima.com,paula123,Ingeniería de Sistemas e Informática,8
Jorge,Ramos Medina,21938928@sima.com,jorge123,Tecnología Médica - Laboratorio Clínico y Anatomía Patológica,7
Elena,Vargas Soto,23307763@sima.com,elena123,Ingeniería Eléctrica,4
Diego,Flores Rojas,63257540@sima.com,diego123,Odontología,3
Sofía,Ramos Medina,70477950@sima.com,sofía123,Ingeniería Industrial,8
Andrea,Torres Díaz,60295777@sima.com,andrea123,Ciencias de la Comunicación,6
María,García Pérez,47183237@sima.com,maría123,Tecnología Médica - Radiología,10
Daniela,Flores Rojas,27871129@sima.com,daniela123,Enfermería,8
Miguel,Mendoza López,85116987@sima.com,miguel123,Derecho,9
Lucía,Torres Díaz,56084980@sima.com,lucía123,Odontología,7
Daniela,Mendoza López,65417671@sima.com,daniela123,Ingeniería de Minas,4
Ana,García Pérez,91022651@sima.com,ana123,Ingeniería de Minas,2
Paula,Quispe Mamani,10771043@sima.com,paula123,Odontología,1
Camila,Vargas Soto,29844040@sima.com,camila123,Enfermería,10
Ricardo,Cruz Fernández,62159246@sima.com,ricardo123,Ingeniería de Sistemas e Informática,5
Ricardo,Mendoza López,95689717@sima.com,ricardo123,Arquitectura,9
Elena,Cruz Fernández,75554053@sima.com,elena123,Ingeniería de Sistemas e Informática,9
Lucía,Vargas Soto,30975997@sima.com,lucía123,Nutrición y Dietética,7
Sofía,Mendoza López,75376892@sima.com,sofía123,Ingeniería Civil,2
Andrea,Flores Rojas,15521495@sima.com,andrea123,Ingeniería de Minas,5
Kevin,Flores Rojas,91530289@sima.com,kevin123,Ingeniería de Sistemas e Informática,8
Luis,Ramos Medina,26770638@sima.com,luis123,Ciencias de la Comunicación,7
Ricardo,García Pérez,97893097@sima.com,ricardo123,Ingeniería Civil,5
Daniela,Paredes Silva,21951808@sima.com,daniela123,Tecnología Médica - Laboratorio Clínico y Anatomía Patológica,1
María,Quispe Mamani,29998020@sima.com,maría123,Ingeniería de Sistemas e Informática,5
Daniela,Cruz Fernández,15739173@sima.com,daniela123,Odontología,4
Luis,Quispe Mamani,92738100@sima.com,luis123,Ingeniería Eléctrica,9
Sofía,Vargas Soto,19167786@sima.com,sofía123,Ingeniería de Minas,1
Daniela,Castillo Huamán,22539746@sima.com,daniela123,Ingeniería de Minas,5
Jorge,Flores Rojas,89578766@sima.com,jorge123,Ingeniería Mecánica,6
Kevin,Cruz Fernández,13637929@sima.com,kevin123,Nutrición y Dietética,9
Valeria,Mendoza López,86887953@sima.com,valeria123,Ingeniería Empresarial,8
Fernando,Quispe Mamani,15863033@sima.com,fernando123,Ciencias de la Comunicación,3
Jorge,Cruz Fernández,30944089@sima.com,jorge123,Ingeniería de Minas,10
Elena,Quispe Mamani,50548559@sima.com,elena123,Tecnología Médica - Laboratorio Clínico y Anatomía Patológica,2
Paula,Mendoza López,85969404@sima.com,paula123,Ingeniería Empresarial,10
María,Vargas Soto,27075921@sima.com,maría123,Arquitectura,9
Miguel,Quispe Mamani,99423947@sima.com,miguel123,Ingeniería Mecánica,6
Ana,Cruz Fernández,32125622@sima.com,ana123,Odontología,4
Daniela,Cruz Fernández,42958313@sima.com,daniela123,Ingeniería de Minas,2
Camila,Ramos Medina,26028626@sima.com,camila123,Derecho,5
Sofía,García Pérez,78095363@sima.com,sofía123,Ingeniería Civil,9
Jorge,Flores Rojas,14124026@sima.com,jorge123,Ingeniería Mecatrónica,2
Sofía,Paredes Silva,67056529@sima.com,sofía123,Medicina Humana,5
Camila,Cruz Fernández,38715685@sima.com,camila123,Enfermería,10
José,Torres Díaz,99295516@sima.com,josé123,Ingeniería Empresarial,10
Kevin,Torres Díaz,44932700@sima.com,kevin123,Ingeniería Civil,1
Ana,Castillo Huamán,14724997@sima.com,ana123,Odontología,10
Camila,Mendoza López,80546389@sima.com,camila123,Ingeniería de Sistemas e Informática,10
Alonso,García Pérez,73613545@sima.com,alonso123,Ingeniería Mecatrónica,4
Paula,Torres Díaz,25056725@sima.com,paula123,Derecho,7
Jorge,Paredes Silva,96615990@sima.com,jorge123,Ingeniería Mecatrónica,8
Alonso,Mendoza López,27381764@sima.com,alonso123,Medicina Humana,6
Elena,Flores Rojas,49443917@sima.com,elena123,Ingeniería Mecánica,3
Andrea,Flores Rojas,45390540@sima.com,andrea123,Ciencias de la Comunicación,3
Kevin,Cruz Fernández,68870957@sima.com,kevin123,Ingeniería de Minas,10
Lucía,Mendoza López,33501863@sima.com,lucía123,Ingeniería Ambiental,8
Fernando,Flores Rojas,21367051@sima.com,fernando123,Farmacia y Bioquímica,4
José,Torres Díaz,36318933@sima.com,josé123,Tecnología Médica - Terapia Física y Rehabilitación,7
José,Paredes Silva,48621418@sima.com,josé123,Tecnología Médica - Terapia Física y Rehabilitación,9
Valeria,Mendoza López,81729769@sima.com,valeria123,Ingeniería Industrial,4
Ricardo,Cruz Fernández,91303615@sima.com,ricardo123,Ingeniería de Minas,1
Camila,Quispe Mamani,13032645@sima.com,camila123,Ingeniería Civil,1
Diego,Castillo Huamán,50426813@sima.com,diego123,Ingeniería de Minas,1
Ricardo,Castillo Huamán,64057458@sima.com,ricardo123,Ingeniería de Minas,7
Carlos,Flores Rojas,17785130@sima.com,carlos123,Ciencias de la Comunicación,3
Daniela,García Pérez,83736940@sima.com,daniela123,Medicina Humana,6
Kevin,Quispe Mamani,77750394@sima.com,kevin123,Ingeniería Ambiental,3
Sofía,Paredes Silva,10657857@sima.com,sofía123,Tecnología Médica - Radiología,3
Elena,Cruz Fernández,53514201@sima.com,elena123,Arquitectura,8
Ana,Flores Rojas,48184685@sima.com,ana123,Ingeniería Eléctrica,7
Valeria,García Pérez,33034310@sima.com,valeria123,Ingeniería de Minas,10
Sofía,Mendoza López,14384869@sima.com,sofía123,Tecnología Médica - Terapia Física y Rehabilitación,8
Andrea,Paredes Silva,62049433@sima.com,andrea123,Ingeniería Empresarial,3
Ricardo,Paredes Silva,67369155@sima.com,ricardo123,Enfermería,10
Carlos,Mendoza López,41658966@sima.com,carlos123,Medicina Humana,6
Kevin,García Pérez,54368416@sima.com,kevin123,Derecho,4
Paula,Vargas Soto,76000625@sima.com,paula123,Farmacia y Bioquímica,2
Andrea,Mendoza López,99087951@sima.com,andrea123,Farmacia y Bioquímica,9
Alonso,García Pérez,96047890@sima.com,alonso123,Ingeniería de Minas,7
Ana,Quispe Mamani,40014164@sima.com,ana123,Enfermería,4
Elena,Cruz Fernández,53625451@sima.com,elena123,Ingeniería de Minas,3
Elena,Quispe Mamani,48189058@sima.com,elena123,Ingeniería Industrial,5
Ana,Paredes Silva,31930093@sima.com,ana123,Ingeniería Industrial,1
Ricardo,Mendoza López,92847125@sima.com,ricardo123,Tecnología Médica - Terapia Física y Rehabilitación,3
Daniela,Flores Rojas,52638979@sima.com,daniela123,Tecnología Médica - Laboratorio Clínico y Anatomía Patológica,3
Valeria,Quispe Mamani,70341135@sima.com,valeria123,Ingeniería Ambiental,6
Andrea,Quispe Mamani,71284697@sima.com,andrea123,Arquitectura,8
Daniela,Flores Rojas,89232962@sima.com,daniela123,Odontología,8
Jorge,Ramos Medina,75341996@sima.com,jorge123,Ingeniería Ambiental,10
Andrea,Flores Rojas,27395985@sima.com,andrea123,Tecnología Médica - Laboratorio Clínico y Anatomía Patológica,7
Miguel,Quispe Mamani,26703812@sima.com,miguel123,Farmacia y Bioquímica,5
María,García Pérez,97732411@sima.com,maría123,Enfermería,10
Alonso,Ramos Medina,92326317@sima.com,alonso123,Nutrición y Dietética,6
Camila,García Pérez,53128709@sima.com,camila123,Arquitectura,4
Andrea,Paredes Silva,75375776@sima.com,andrea123,Tecnología Médica - Terapia Física y Rehabilitación,6
Carlos,Vargas Soto,84756329@sima.com,carlos123,Nutrición y Dietética,1
Ana,Flores Rojas,66409928@sima.com,ana123,Derecho,9
Diego,Paredes Silva,45657992@sima.com,diego123,Arquitectura,10
Jorge,Ramos Medina,22905936@sima.com,jorge123,Tecnología Médica - Radiología,1
José,Cruz Fernández,42781429@sima.com,josé123,Tecnología Médica - Laboratorio Clínico y Anatomía Patológica,3
Paula,Paredes Silva,95635783@sima.com,paula123,Ingeniería Eléctrica,2
Valeria,Flores Rojas,89872830@sima.com,valeria123,Ingeniería Mecatrónica,3
Ricardo,Ramos Medina,68691761@sima.com,ricardo123,Enfermería,10
José,Torres Díaz,13047281@sima.com,josé123,Ingeniería de Sistemas e Informática,5
Luis,Paredes Silva,70811159@sima.com,luis123,Derecho,3
Luis,Cruz Fernández,17348927@sima.com,luis123,Ingeniería de Minas,1
Paula,Cruz Fernández,86769024@sima.com,paula123,Ingeniería Empresarial,3
Daniela,Quispe Mamani,24451022@sima.com,daniela123,Farmacia y Bioquímica,2
Alonso,Flores Rojas,90414319@sima.com,alonso123,Tecnología Médica - Terapia Física y Rehabilitación,6
Jorge,Flores Rojas,84885980@sima.com,jorge123,Ingeniería Mecatrónica,6
Valeria,Ramos Medina,30782708@sima.com,valeria123,Tecnología Médica - Radiología,7
Camila,García Pérez,81202644@sima.com,camila123,Odontología,4
Diego,García Pérez,75171987@sima.com,diego123,Ingeniería Industrial,1
Camila,Cruz Fernández,25229024@sima.com,camila123,Medicina Humana,10
Paula,Flores Rojas,37428214@sima.com,paula123,Tecnología Médica - Radiología,2
Miguel,Castillo Huamán,89697863@sima.com,miguel123,Ingeniería de Sistemas e Informática,7
Alonso,Torres Díaz,59801266@sima.com,alonso123,Medicina Humana,2
Elena,Castillo Huamán,31172898@sima.com,elena123,Ingeniería Ambiental,8
Fernando,Ramos Medina,95323010@sima.com,fernando123,Derecho,10
Carlos,Vargas Soto,12484125@sima.com,carlos123,Ingeniería de Minas,5
Miguel,García Pérez,56924112@sima.com,miguel123,Enfermería,5
María,Paredes Silva,47892506@sima.com,maría123,Farmacia y Bioquímica,7
Lucía,Cruz Fernández,19569591@sima.com,lucía123,Ingeniería Eléctrica,4
José,Cruz Fernández,43754531@sima.com,josé123,Arquitectura,10
Diego,Flores Rojas,59274041@sima.com,diego123,Ingeniería de Minas,7
Sofía,Castillo Huamán,31680944@sima.com,sofía123,Ciencias de la Comunicación,6
Ricardo,Vargas Soto,32909349@sima.com,ricardo123,Tecnología Médica - Radiología,2
María,Cruz Fernández,74837086@sima.com,maría123,Ingeniería Civil,9
Miguel,Torres Díaz,45776254@sima.com,miguel123,Ingeniería Civil,9
Paula,Cruz Fernández,96615217@sima.com,paula123,Tecnología Médica - Radiología,10
Paula,García Pérez,28903136@sima.com,paula123,Tecnología Médica - Radiología,5
Fernando,Paredes Silva,96466966@sima.com,fernando123,Ingeniería Industrial,6
Ana,García Pérez,15242363@sima.com,ana123,Farmacia y Bioquímica,9
Daniela,Paredes Silva,50415797@sima.com,daniela123,Tecnología Médica - Radiología,10
Carlos,Mendoza López,80834591@sima.com,carlos123,Tecnología Médica - Radiología,9
Lucía,Flores Rojas,48506070@sima.com,lucía123,Ciencias de la Comunicación,6
Jorge,Flores Rojas,15627985@sima.com,jorge123,Tecnología Médica - Laboratorio Clínico y Anatomía Patológica,6
Lucía,Paredes Silva,57521166@sima.com,lucía123,Ingeniería Industrial,3
Kevin,Vargas Soto,76562414@sima.com,kevin123,Ingeniería de Minas,10
Ana,García Pérez,87510572@sima.com,ana123,Derecho,5
Lucía,Castillo Huamán,14080934@sima.com,lucía123,Ingeniería Mecatrónica,9
María,García Pérez,36308264@sima.com,maría123,Tecnología Médica - Radiología,7
Daniela,Castillo Huamán,39977626@sima.com,daniela123,Arquitectura,4
Carlos,Torres Díaz,79586391@sima.com,carlos123,Ciencias de la Comunicación,3
Luis,García Pérez,58257541@sima.com,luis123,Tecnología Médica - Laboratorio Clínico y Anatomía Patológica,3
Ana,Paredes Silva,73496203@sima.com,ana123,Ingeniería Empresarial,8
Jorge,Mendoza López,85722892@sima.com,jorge123,Nutrición y Dietética,10
Paula,Quispe Mamani,23204130@sima.com,paula123,Ingeniería de Sistemas e Informática,8
Jorge,Castillo Huamán,94951958@sima.com,jorge123,Ingeniería Eléctrica,10
Diego,Castillo Huamán,88026630@sima.com,diego123,Ingeniería de Minas,8
Kevin,Vargas Soto,77579195@sima.com,kevin123,Ingeniería Mecánica,2
Luis,Castillo Huamán,42815830@sima.com,luis123,Ingeniería Eléctrica,8
Fernando,Vargas Soto,28624279@sima.com,fernando123,Ingeniería Eléctrica,8
Miguel,Castillo Huamán,26592791@sima.com,miguel123,Tecnología Médica - Laboratorio Clínico y Anatomía Patológica,9
Diego,Vargas Soto,34865163@sima.com,diego123,Ingeniería Industrial,5
Lucía,Mendoza López,11631586@sima.com,lucía123,Nutrición y Dietética,1
María,Castillo Huamán,69438026@sima.com,maría123,Tecnología Médica - Laboratorio Clínico y Anatomía Patológica,1
José,Vargas Soto,20094491@sima.com,josé123,Ingeniería Mecatrónica,8
Andrea,Torres Díaz,28135334@sima.com,andrea123,Odontología,10
Camila,Castillo Huamán,14593526@sima.com,camila123,Arquitectura,8
Diego,Quispe Mamani,84837263@sima.com,diego123,Ingeniería Eléctrica,4
Alonso,Mendoza López,38646811@sima.com,alonso123,Ciencias de la Comunicación,3
Camila,Mendoza López,99314974@sima.com,camila123,Ingeniería Mecatrónica,10
José,Vargas Soto,13377384@sima.com,josé123,Ingeniería Mecatrónica,8
Diego,Quispe Mamani,55200314@sima.com,diego123,Tecnología Médica - Radiología,10
Andrea,Ramos Medina,55084245@sima.com,andrea123,Ingeniería Ambiental,7
Luis,Torres Díaz,18094167@sima.com,luis123,Ingeniería Mecánica,9
Sofía,García Pérez,41484975@sima.com,sofía123,Ingeniería de Sistemas e Informática,7
Ana,García Pérez,39897032@sima.com,ana123,Ingeniería Eléctrica,3
Valeria,Torres Díaz,52607858@sima.com,valeria123,Ingeniería de Minas,1
Fernando,Castillo Huamán,33049242@sima.com,fernando123,Ingeniería Eléctrica,3
Miguel,Vargas Soto,69175773@sima.com,miguel123,Tecnología Médica - Terapia Física y Rehabilitación,4
María,Flores Rojas,87767787@sima.com,maría123,Ingeniería Ambiental,8
Kevin,Quispe Mamani,47257760@sima.com,kevin123,Ingeniería Ambiental,5
Luis,Torres Díaz,62159042@sima.com,luis123,Arquitectura,10
José,Castillo Huamán,81633398@sima.com,josé123,Ingeniería de Sistemas e Informática,7
Daniela,García Pérez,12312813@sima.com,daniela123,Ingeniería Mecatrónica,7
Andrea,Vargas Soto,16497898@sima.com,andrea123,Medicina Humana,8
Alonso,Castillo Huamán,69923999@sima.com,alonso123,Ingeniería Empresarial,2
Lucía,Castillo Huamán,93052218@sima.com,lucía123,Tecnología Médica - Laboratorio Clínico y Anatomía Patológica,7
Jorge,Torres Díaz,68422826@sima.com,jorge123,Ciencias de la Comunicación,4
Andrea,Torres Díaz,68612154@sima.com,andrea123,Enfermería,8
Andrea,Vargas Soto,53146724@sima.com,andrea123,Enfermería,6
Andrea,Torres Díaz,55847770@sima.com,andrea123,Ingeniería de Minas,5
Alonso,Ramos Medina,49926137@sima.com,alonso123,Ingeniería Eléctrica,5
Lucía,Ramos Medina,89466066@sima.com,lucía123,Ingeniería Industrial,2
Sofía,Ramos Medina,21113938@sima.com,sofía123,Ingeniería Mecatrónica,10
Daniela,Mendoza López,75566463@sima.com,daniela123,Arquitectura,6
Valeria,Torres Díaz,92895455@sima.com,valeria123,Nutrición y Dietética,2
Elena,Quispe Mamani,74987423@sima.com,elena123,Ingeniería Industrial,5
Camila,Cruz Fernández,28870841@sima.com,camila123,Medicina Humana,3
Alonso,Flores Rojas,43980007@sima.com,alonso123,Ciencias de la Comunicación,9
Paula,Cruz Fernández,17228367@sima.com,paula123,Nutrición y Dietética,2
Kevin,García Pérez,89938856@sima.com,kevin123,Tecnología Médica - Radiología,9
Sofía,Paredes Silva,83989483@sima.com,sofía123,Derecho,3
Jorge,Paredes Silva,11603370@sima.com,jorge123,Ingeniería Civil,6
José,Paredes Silva,18475039@sima.com,josé123,Derecho,9
Alonso,Cruz Fernández,23368458@sima.com,alonso123,Ingeniería Ambiental,1
Ana,Cruz Fernández,87197963@sima.com,ana123,Ingeniería Eléctrica,3
Ana,Castillo Huamán,88737955@sima.com,ana123,Ingeniería Empresarial,10
Miguel,Paredes Silva,56394156@sima.com,miguel123,Ingeniería Mecánica,6
Andrea,García Pérez,64994820@sima.com,andrea123,Tecnología Médica - Laboratorio Clínico y Anatomía Patológica,7
María,Vargas Soto,64432612@sima.com,maría123,Ingeniería de Sistemas e Informática,4
Alonso,Mendoza López,78857655@sima.com,alonso123,Ingeniería Mecatrónica,1
Diego,Quispe Mamani,40098961@sima.com,diego123,Enfermería,3
Sofía,Ramos Medina,86743534@sima.com,sofía123,Ingeniería Eléctrica,5
Carlos,Ramos Medina,45463911@sima.com,carlos123,Ingeniería Empresarial,3
Miguel,Ramos Medina,60072530@sima.com,miguel123,Medicina Humana,1
Lucía,García Pérez,35718613@sima.com,lucía123,Tecnología Médica - Radiología,9
Lucía,Paredes Silva,42128260@sima.com,lucía123,Nutrición y Dietética,4
Daniela,Vargas Soto,61769728@sima.com,daniela123,Arquitectura,6
Miguel,Quispe Mamani,88586603@sima.com,miguel123,Ciencias de la Comunicación,3
Andrea,Paredes Silva,95611752@sima.com,andrea123,Medicina Humana,8
José,Cruz Fernández,44175990@sima.com,josé123,Ingeniería Empresarial,6
Andrea,García Pérez,87471391@sima.com,andrea123,Ingeniería de Sistemas e Informática,5
Paula,Paredes Silva,47142233@sima.com,paula123,Ingeniería Eléctrica,2
Lucía,Flores Rojas,12501845@sima.com,lucía123,Ingeniería de Sistemas e Informática,4
Sofía,Vargas Soto,39784707@sima.com,sofía123,Tecnología Médica - Radiología,9
Ana,Mendoza López,74441094@sima.com,ana123,Ingeniería Ambiental,4
María,Ramos Medina,93101829@sima.com,maría123,Tecnología Médica - Terapia Física y Rehabilitación,10
Camila,García Pérez,85901270@sima.com,camila123,Ciencias de la Comunicación,6
María,Quispe Mamani,65412027@sima.com,maría123,Derecho,4
Valeria,Cruz Fernández,55550384@sima.com,valeria123,Ingeniería Empresarial,8
Carlos,García Pérez,26455061@sima.com,carlos123,Tecnología Médica - Terapia Física y Rehabilitación,7
María,García Pérez,68511488@sima.com,maría123,Odontología,5
Ana,Cruz Fernández,15717630@sima.com,ana123,Enfermería,2
Lucía,Torres Díaz,58742543@sima.com,lucía123,Ingeniería Ambiental,7
María,Flores Rojas,19770586@sima.com,maría123,Odontología,6
Luis,Castillo Huamán,20234142@sima.com,luis123,Nutrición y Dietética,4
Paula,Torres Díaz,77570335@sima.com,paula123,Odontología,10
Fernando,Vargas Soto,32908831@sima.com,fernando123,Medicina Humana,6
Diego,García Pérez,98096315@sima.com,diego123,Ingeniería de Minas,1
Miguel,Mendoza López,46877240@sima.com,miguel123,Derecho,2
Kevin,García Pérez,39406599@sima.com,kevin123,Ingeniería Ambiental,8
Lucía,Ramos Medina,39194820@sima.com,lucía123,Ingeniería Industrial,1
Lucía,García Pérez,92685114@sima.com,lucía123,Tecnología Médica - Radiología,6
Ana,Paredes Silva,72989702@sima.com,ana123,Odontología,10
Lucía,Vargas Soto,70221338@sima.com,lucía123,Tecnología Médica - Laboratorio Clínico y Anatomía Patológica,9
Alonso,Mendoza López,99750336@sima.com,alonso123,Derecho,3
Camila,García Pérez,78490608@sima.com,camila123,Ingeniería Ambiental,5
María,Vargas Soto,12555111@sima.com,maría123,Arquitectura,10
Kevin,Quispe Mamani,32919501@sima.com,kevin123,Arquitectura,9
Luis,Quispe Mamani,79628262@sima.com,luis123,Tecnología Médica - Laboratorio Clínico y Anatomía Patológica,2
Camila,Mendoza López,94109047@sima.com,camila123,Farmacia y Bioquímica,2
Jorge,Torres Díaz,43000680@sima.com,jorge123,Ingeniería de Minas,7
Paula,Torres Díaz,68815700@sima.com,paula123,Derecho,6
José,Torres Díaz,82740098@sima.com,josé123,Medicina Humana,6
María,Torres Díaz,59445129@sima.com,maría123,Ingeniería Civil,5
María,Cruz Fernández,96648692@sima.com,maría123,Ciencias de la Comunicación,8
Elena,Paredes Silva,92435723@sima.com,elena123,Ingeniería Empresarial,2
Fernando,Castillo Huamán,97502694@sima.com,fernando123,Farmacia y Bioquímica,10
Elena,Vargas Soto,19535201@sima.com,elena123,Farmacia y Bioquímica,7
María,Paredes Silva,81237945@sima.com,maría123,Enfermería,8
Fernando,Mendoza López,19921950@sima.com,fernando123,Derecho,5
Jorge,Quispe Mamani,92672850@sima.com,jorge123,Odontología,10
Valeria,Paredes Silva,37694489@sima.com,valeria123,Ingeniería Empresarial,9
Miguel,Mendoza López,86231774@sima.com,miguel123,Derecho,4
Daniela,Castillo Huamán,81401916@sima.com,daniela123,Derecho,7
Miguel,Mendoza López,60478759@sima.com,miguel123,Ingeniería Mecatrónica,9
Ana,Paredes Silva,22307501@sima.com,ana123,Ingeniería Mecatrónica,2
Daniela,Ramos Medina,55144499@sima.com,daniela123,Enfermería,8
Camila,Vargas Soto,29410236@sima.com,camila123,Tecnología Médica - Radiología,5
Camila,García Pérez,33993013@sima.com,camila123,Ingeniería Mecánica,7
Ana,Castillo Huamán,23805120@sima.com,ana123,Ingeniería Eléctrica,5
Ana,Torres Díaz,70022426@sima.com,ana123,Ingeniería Empresarial,10
Valeria,Castillo Huamán,34599473@sima.com,valeria123,Ingeniería Ambiental,8
Daniela,Mendoza López,72299314@sima.com,daniela123,Ingeniería Industrial,8
Ricardo,García Pérez,42527437@sima.com,ricardo123,Ciencias de la Comunicación,9
Kevin,Mendoza López,30190949@sima.com,kevin123,Ingeniería Civil,3
José,Cruz Fernández,70901990@sima.com,josé123,Arquitectura,3
Luis,Torres Díaz,25737984@sima.com,luis123,Tecnología Médica - Laboratorio Clínico y Anatomía Patológica,4
María,Paredes Silva,37327238@sima.com,maría123,Ingeniería Ambiental,7
Daniela,García Pérez,39940672@sima.com,daniela123,Ingeniería Mecánica,6
Miguel,Paredes Silva,28777856@sima.com,miguel123,Ingeniería Ambiental,2
Lucía,Paredes Silva,88221501@sima.com,lucía123,Ingeniería Mecánica,10
Ana,Mendoza López,88142272@sima.com,ana123,Tecnología Médica - Terapia Física y Rehabilitación,6
Camila,Torres Díaz,23884357@sima.com,camila123,Tecnología Médica - Terapia Física y Rehabilitación,3
Elena,Flores Rojas,69780953@sima.com,elena123,Ingeniería Civil,5
María,García Pérez,34298658@sima.com,maría123,Ingeniería de Minas,6
Camila,Quispe Mamani,87830982@sima.com,camila123,Medicina Humana,3
Fernando,Quispe Mamani,35369721@sima.com,fernando123,Ingeniería de Minas,8
Lucía,Quispe Mamani,15600718@sima.com,lucía123,Nutrición y Dietética,9
Alonso,Vargas Soto,98680879@sima.com,alonso123,Tecnología Médica - Laboratorio Clínico y Anatomía Patológica,3
Jorge,Torres Díaz,13420419@sima.com,jorge123,Ingeniería de Minas,3
Diego,Quispe Mamani,14624246@sima.com,diego123,Medicina Humana,7
Luis,Paredes Silva,68573365@sima.com,luis123,Ciencias de la Comunicación,5
María,Mendoza López,86797859@sima.com,maría123,Ingeniería de Minas,6
Lucía,Castillo Huamán,31352973@sima.com,lucía123,Ingeniería Mecánica,4
Diego,Quispe Mamani,83886679@sima.com,diego123,Arquitectura,8
José,Paredes Silva,49371904@sima.com,josé123,Farmacia y Bioquímica,8
Ana,Castillo Huamán,67488315@sima.com,ana123,Ingeniería Ambiental,4
Elena,Torres Díaz,81755713@sima.com,elena123,Enfermería,9
Luis,Mendoza López,61455356@sima.com,luis123,Tecnología Médica - Laboratorio Clínico y Anatomía Patológica,1
Jorge,Castillo Huamán,45173569@sima.com,jorge123,Ingeniería Industrial,7
Ricardo,Castillo Huamán,38216767@sima.com,ricardo123,Ingeniería Eléctrica,7
Ana,Flores Rojas,57300857@sima.com,ana123,Ingeniería Mecánica,8
Kevin,Flores Rojas,97524621@sima.com,kevin123,Tecnología Médica - Laboratorio Clínico y Anatomía Patológica,10
José,Cruz Fernández,54535391@sima.com,josé123,Ingeniería Mecatrónica,10
Jorge,Paredes Silva,85776376@sima.com,jorge123,Ingeniería de Minas,5
Fernando,Torres Díaz,57055871@sima.com,fernando123,Derecho,8
Diego,Quispe Mamani,36473745@sima.com,diego123,Enfermería,5
Lucía,García Pérez,20333540@sima.com,lucía123,Medicina Humana,3
Camila,Castillo Huamán,44751590@sima.com,camila123,Ingeniería Mecatrónica,9
Andrea,Quispe Mamani,22863108@sima.com,andrea123,Tecnología Médica - Laboratorio Clínico y Anatomía Patológica,4
Diego,Castillo Huamán,70158304@sima.com,diego123,Tecnología Médica - Laboratorio Clínico y Anatomía Patológica,8
Fernando,García Pérez,87874440@sima.com,fernando123,Ingeniería de Minas,9
Carlos,Paredes Silva,33076542@sima.com,carlos123,Tecnología Médica - Radiología,3
Paula,Quispe Mamani,87692405@sima.com,paula123,Enfermería,4
Carlos,Cruz Fernández,49476072@sima.com,carlos123,Ingeniería Ambiental,9
Ricardo,Torres Díaz,34739743@sima.com,ricardo123,Ingeniería de Minas,9
Daniela,Paredes Silva,25747365@sima.com,daniela123,Arquitectura,8
Daniela,Flores Rojas,74448338@sima.com,daniela123,Enfermería,1
Andrea,Cruz Fernández,54864345@sima.com,andrea123,Ingeniería Industrial,4
Camila,García Pérez,53760667@sima.com,camila123,Odontología,6
Daniela,Quispe Mamani,73229287@sima.com,daniela123,Arquitectura,4
Diego,García Pérez,86095291@sima.com,diego123,Farmacia y Bioquímica,9
Fernando,García Pérez,84976340@sima.com,fernando123,Ingeniería Mecatrónica,9
Fernando,Torres Díaz,34485303@sima.com,fernando123,Ciencias de la Comunicación,8
José,Cruz Fernández,94103833@sima.com,josé123,Ingeniería Eléctrica,5
Carlos,Paredes Silva,51195933@sima.com,carlos123,Ciencias de la Comunicación,6
Andrea,Cruz Fernández,30593714@sima.com,andrea123,Tecnología Médica - Radiología,6
José,Flores Rojas,84502085@sima.com,josé123,Ingeniería Empresarial,10
Sofía,Ramos Medina,27256365@sima.com,sofía123,Ingeniería de Sistemas e Informática,6
Andrea,Quispe Mamani,70090451@sima.com,andrea123,Odontología,6
Diego,Flores Rojas,50249726@sima.com,diego123,Ingeniería Eléctrica,2
Kevin,Paredes Silva,85019537@sima.com,kevin123,Ingeniería de Minas,1
Diego,Vargas Soto,22367873@sima.com,diego123,Medicina Humana,1
Paula,García Pérez,19244318@sima.com,paula123,Ingeniería de Minas,10
Diego,Mendoza López,85752251@sima.com,diego123,Ingeniería de Minas,6
Paula,Castillo Huamán,73516551@sima.com,paula123,Enfermería,3
María,Quispe Mamani,27210109@sima.com,maría123,Farmacia y Bioquímica,9
Fernando,Vargas Soto,76105807@sima.com,fernando123,Medicina Humana,5
Daniela,Castillo Huamán,16329918@sima.com,daniela123,Nutrición y Dietética,3
Lucía,Mendoza López,87143918@sima.com,lucía123,Ingeniería Mecánica,6
Carlos,Mendoza López,34961299@sima.com,carlos123,Ingeniería Ambiental,1
Kevin,Torres Díaz,59457044@sima.com,kevin123,Enfermería,7
Daniela,García Pérez,62673915@sima.com,daniela123,Farmacia y Bioquímica,8
Alonso,Mendoza López,31931236@sima.com,alonso123,Derecho,8
Paula,Paredes Silva,68424175@sima.com,paula123,Ingeniería de Sistemas e Informática,1
Sofía,Torres Díaz,68242188@sima.com,sofía123,Ingeniería Mecatrónica,6
Ana,Mendoza López,91315996@sima.com,ana123,Ingeniería Industrial,6
Fernando,Ramos Medina,26769635@sima.com,fernando123,Derecho,6
Miguel,Mendoza López,15762313@sima.com,miguel123,Ingeniería Eléctrica,6
Paula,Ramos Medina,37347620@sima.com,paula123,Ingeniería Ambiental,8
José,Quispe Mamani,57877476@sima.com,josé123,Tecnología Médica - Terapia Física y Rehabilitación,7
Camila,Ramos Medina,60083667@sima.com,camila123,Ingeniería Mecatrónica,7
Miguel,Mendoza López,36716728@sima.com,miguel123,Ingeniería de Minas,1
Sofía,Ramos Medina,11315518@sima.com,sofía123,Ingeniería de Minas,10
José,Cruz Fernández,59627673@sima.com,josé123,Ingeniería Ambiental,6
Fernando,Cruz Fernández,22428254@sima.com,fernando123,Odontología,6
Camila,Mendoza López,68409642@sima.com,camila123,Arquitectura,4
Sofía,Vargas Soto,58059042@sima.com,sofía123,Ingeniería de Minas,10
Valeria,Ramos Medina,81608518@sima.com,valeria123,Tecnología Médica - Terapia Física y Rehabilitación,2
Diego,Quispe Mamani,72979156@sima.com,diego123,Arquitectura,2
Daniela,Quispe Mamani,47588247@sima.com,daniela123,Medicina Humana,6
Jorge,García Pérez,28756608@sima.com,jorge123,Farmacia y Bioquímica,8
Valeria,Paredes Silva,98512430@sima.com,valeria123,Enfermería,8
Valeria,Ramos Medina,98716211@sima.com,valeria123,Tecnología Médica - Terapia Física y Rehabilitación,8
Paula,Castillo Huamán,80227311@sima.com,paula123,Medicina Humana,6
Ana,Paredes Silva,22462193@sima.com,ana123,Enfermería,8
Sofía,Torres Díaz,71322460@sima.com,sofía123,Tecnología Médica - Laboratorio Clínico y Anatomía Patológica,6
Valeria,Ramos Medina,11620311@sima.com,valeria123,Tecnología Médica - Radiología,7
José,Cruz Fernández,82010793@sima.com,josé123,Odontología,7
Fernando,Cruz Fernández,19848234@sima.com,fernando123,Arquitectura,7
Valeria,Paredes Silva,79774698@sima.com,valeria123,Arquitectura,7
Elena,Quispe Mamani,49088470@sima.com,elena123,Ingeniería de Sistemas e Informática,7
Andrea,Vargas Soto,51291368@sima.com,andrea123,Tecnología Médica - Laboratorio Clínico y Anatomía Patológica,1
Daniela,Torres Díaz,37381117@sima.com,daniela123,Ingeniería Ambiental,8
Kevin,Flores Rojas,40189815@sima.com,kevin123,Nutrición y Dietética,1
Fernando,Castillo Huamán,81975202@sima.com,fernando123,Ingeniería Mecatrónica,2
Camila,Mendoza López,45971847@sima.com,camila123,Ingeniería Industrial,8
Paula,Flores Rojas,66272831@sima.com,paula123,Farmacia y Bioquímica,10
Alonso,Flores Rojas,32421778@sima.com,alonso123,Ingeniería de Sistemas e Informática,5
Jorge,Mendoza López,54148878@sima.com,jorge123,Nutrición y Dietética,4
Kevin,Torres Díaz,80862109@sima.com,kevin123,Ciencias de la Comunicación,7
Diego,Paredes Silva,84754393@sima.com,diego123,Ingeniería Civil,3
Diego,Ramos Medina,78782750@sima.com,diego123,Ingeniería Ambiental,2
Carlos,Vargas Soto,32800118@sima.com,carlos123,Ingeniería Eléctrica,5
Valeria,Paredes Silva,15878793@sima.com,valeria123,Derecho,4
Kevin,Torres Díaz,86120233@sima.com,kevin123,Enfermería,6
Daniela,Torres Díaz,11144363@sima.com,daniela123,Ingeniería Industrial,1
Jorge,Mendoza López,45012439@sima.com,jorge123,Arquitectura,10
Diego,Quispe Mamani,21458131@sima.com,diego123,Ingeniería Industrial,2
Andrea,García Pérez,95335678@sima.com,andrea123,Ingeniería Empresarial,1
Miguel,Torres Díaz,23575922@sima.com,miguel123,Tecnología Médica - Terapia Física y Rehabilitación,8
Ricardo,Flores Rojas,10949214@sima.com,ricardo123,Ciencias de la Comunicación,6
Valeria,Torres Díaz,22815887@sima.com,valeria123,Tecnología Médica - Radiología,6
Miguel,Castillo Huamán,97534333@sima.com,miguel123,Nutrición y Dietética,1
Ana,García Pérez,77032385@sima.com,ana123,Tecnología Médica - Terapia Física y Rehabilitación,3
Fernando,Mendoza López,97134441@sima.com,fernando123,Tecnología Médica - Radiología,3
Andrea,Castillo Huamán,44175622@sima.com,andrea123,Ingeniería Civil,2
María,Vargas Soto,94591027@sima.com,maría123,Tecnología Médica - Radiología,3
Ricardo,Paredes Silva,79952738@sima.com,ricardo123,Odontología,2
Alonso,Vargas Soto,92574864@sima.com,alonso123,Ingeniería Mecánica,10
María,Castillo Huamán,58698919@sima.com,maría123,Farmacia y Bioquímica,9
Andrea,Quispe Mamani,33875816@sima.com,andrea123,Ingeniería Ambiental,5
Diego,Paredes Silva,77143211@sima.com,diego123,Ingeniería Empresarial,5
Elena,Ramos Medina,16225628@sima.com,elena123,Ingeniería Eléctrica,6
Elena,Vargas Soto,47753333@sima.com,elena123,Ingeniería Mecánica,5
Alonso,Flores Rojas,26266132@sima.com,alonso123,Arquitectura,1
Alonso,García Pérez,16137699@sima.com,alonso123,Tecnología Médica - Laboratorio Clínico y Anatomía Patológica,10
Ricardo,Ramos Medina,34292904@sima.com,ricardo123,Ingeniería de Sistemas e Informática,7
Diego,Mendoza López,47487980@sima.com,diego123,Tecnología Médica - Laboratorio Clínico y Anatomía Patológica,5
Valeria,Vargas Soto,36453259@sima.com,valeria123,Enfermería,4
Ricardo,Cruz Fernández,31792680@sima.com,ricardo123,Derecho,3
Jorge,García Pérez,45658206@sima.com,jorge123,Arquitectura,3
Luis,Paredes Silva,27738773@sima.com,luis123,Nutrición y Dietética,6
Carlos,García Pérez,31111806@sima.com,carlos123,Ingeniería Industrial,8
